# vtk DataFile Version 2.0
Comment goes here
ASCII

DATASET STRUCTURED_POINTS
DIMENSIONS    192   256   51

ORIGIN    0.000   0.000   0.000
SPACING   1.500000e+00   1.500000e+00  4.500000e+00 

POINT_DATA   2506752
SCALARS scalars double
LOOKUP_TABLE default

0 0 0 0 0 0 0 0 0 0 0 0 0 0 0 0 0 0 0 0 0 0 0 0 0 0 0 0 0 0 0 0 0 0 0 0 0 0 0 0 0 0 0 0 0 0 0 0 0 0 0 0 0 0 0 0 0 0 0 0 0 0 0 0 0 0 0 0 0 0 0 0 0 0 0 0 0 0 0 0 0 0 0 0 0 0 0 0 0 0 0 0 0 0 0 0 0 0 0 0 0 0 0 0 0 0 0 0 0 0 0 0 0 0 0 0 0 0 0 0 0 0 0 0 0 0 0 0 0 0 0 0 0 0 0 0 0 0 0 0 0 0 0 0 0 0 0 0 0 0 0 0 0 0 0 0 0 0 0 0 0 0 0 0 0 0 0 0 0 0 0 0 0 0 0 0 0 0 0 0 0 0 0 0 0 0 0 0 0 0 0 0 
0 0 0 0 0 0 0 0 0 0 0 0 0 0 0 0 0 0 0 0 0 0 0 0 0 0 0 0 0 0 0 0 0 0 0 0 0 0 0 0 0 0 0 0 0 0 0 0 0 0 0 0 0 0 0 0 0 0 0 0 0 0 0 0 0 0 0 0 0 0 0 0 0 0 0 0 0 0 0 0 0 0 0 0 0 0 0 0 0 0 0 0 0 0 0 0 0 0 0 0 0 0 0 0 0 0 0 0 0 0 0 0 0 0 0 0 0 0 0 0 0 0 0 0 0 0 0 0 0 0 0 0 0 0 0 0 0 0 0 0 0 0 0 0 0 0 0 0 0 0 0 0 0 0 0 0 0 0 0 0 0 0 0 0 0 0 0 0 0 0 0 0 0 0 0 0 0 0 0 0 0 0 0 0 0 0 0 0 0 0 0 0 
0 0 0 0 0 0 0 0 0 0 0 0 0 0 0 0 0 0 0 0 0 0 0 0 0 0 0 0 0 0 0 0 0 0 0 0 0 0 0 0 0 0 0 0 0 0 0 0 0 0 0 0 0 0 0 0 0 0 0 0 0 0 0 0 2 1 0 0 0 0 0 0 1 1 0 0 0 0 0 0 0 1 0 0 1 0 0 0 0 0 0 0 0 1 0 0 0 0 0 1 1 1 1 0 0 0 0 0 0 0 0 0 0 0 0 0 0 0 1 0 0 0 0 1 1 0 0 1 1 0 0 1 0 1 1 0 0 0 1 0 1 1 1 1 1 0 0 0 0 0 1 1 0 0 1 0 0 0 0 0 0 0 0 0 1 0 0 0 1 0 0 1 1 1 1 1 0 0 0 0 0 1 0 1 1 1 1 0 0 0 1 0 
0 0 0 0 0 0 0 0 0 0 0 0 0 0 0 0 0 0 0 0 0 0 0 0 0 0 0 0 0 0 0 0 0 0 0 0 0 0 0 0 0 0 0 0 0 0 0 0 0 0 0 0 0 1 1 0 0 0 0 0 2 0 0 0 0 0 0 1 1 0 0 0 0 0 0 0 0 1 0 0 0 0 1 1 0 0 0 0 0 0 1 1 1 1 0 0 0 1 0 0 1 0 0 0 1 1 0 0 1 0 1 1 1 0 0 0 1 1 1 0 0 1 1 1 0 0 0 1 1 0 0 0 0 0 0 0 1 1 0 0 0 0 0 1 1 0 0 1 1 0 1 0 0 1 0 0 0 1 1 1 1 1 1 0 0 0 0 0 0 0 1 1 1 0 0 0 0 1 0 0 0 0 0 0 1 1 0 0 0 0 0 0 
0 0 0 0 0 0 0 0 0 0 0 0 0 0 0 0 0 0 0 0 0 0 0 0 0 0 0 0 0 0 0 0 0 0 0 0 0 0 0 0 0 0 0 0 0 0 1 2 0 0 0 0 0 1 1 0 0 0 0 0 1 1 1 0 1 1 0 0 0 0 1 0 0 0 0 1 1 1 0 0 1 1 1 0 0 1 1 0 0 1 1 1 1 1 1 1 1 1 0 1 1 0 0 1 1 1 0 0 1 1 0 1 1 2 1 1 1 0 0 0 0 1 1 1 1 1 1 1 0 0 0 0 0 0 1 0 0 0 1 0 1 1 0 0 0 0 0 0 0 0 0 0 0 1 1 0 0 0 0 1 1 1 0 0 0 0 0 0 0 0 0 0 1 0 0 1 1 1 1 1 0 0 2 1 0 1 1 1 0 0 1 0 
0 0 0 0 0 0 0 0 0 0 0 0 0 0 0 0 0 0 0 0 0 0 0 0 0 0 0 0 0 0 0 0 0 0 0 0 0 0 1 2 0 1 2 0 0 0 1 0 0 0 0 0 1 1 0 0 0 0 0 0 0 1 0 0 0 0 0 0 0 0 0 0 0 0 0 1 0 0 0 0 0 1 0 1 1 0 1 1 1 1 1 1 1 1 0 1 0 0 1 1 0 0 1 1 0 0 0 1 1 1 1 1 1 1 0 1 1 0 0 0 1 1 1 1 1 0 0 0 0 0 0 0 0 1 1 1 0 0 0 0 0 1 1 1 1 0 0 0 1 0 0 0 1 1 0 0 0 0 0 0 0 0 0 0 0 0 0 0 0 1 1 0 0 0 0 1 0 0 0 0 0 0 1 1 1 1 1 1 0 0 0 0 
0 0 0 0 0 0 0 0 0 0 0 0 0 0 0 0 0 0 0 0 0 0 0 0 0 0 0 0 0 0 0 0 0 0 0 2 0 1 1 0 1 1 0 0 0 2 1 0 0 0 1 1 0 0 0 0 0 0 0 1 0 0 0 1 1 0 0 0 0 0 1 1 0 0 1 1 1 0 0 0 0 0 1 1 0 0 0 1 1 1 0 0 0 0 1 1 0 0 0 0 0 0 0 0 0 1 1 2 1 0 0 0 0 0 0 0 0 0 1 1 1 1 1 1 0 1 1 0 0 0 0 0 1 1 0 1 0 0 1 1 1 0 0 1 1 0 0 1 1 1 0 0 0 1 0 0 1 1 0 0 0 0 0 1 0 0 0 0 0 0 0 0 0 0 0 0 0 0 0 1 1 1 0 0 1 1 1 0 0 0 1 0 
0 0 0 0 0 0 0 0 0 0 0 0 0 0 0 0 0 0 0 0 0 0 0 0 0 0 0 0 0 0 0 0 1 0 0 0 0 0 0 0 1 0 1 0 0 0 0 0 1 1 1 0 0 0 0 0 0 0 1 0 0 0 0 0 1 0 0 0 0 0 1 1 0 1 0 0 0 0 0 0 0 0 1 0 0 1 0 0 1 1 1 1 0 1 0 0 0 1 1 1 1 1 1 1 1 0 1 2 1 0 0 0 0 0 0 0 0 1 1 0 1 1 1 0 0 1 1 1 1 1 0 1 0 0 0 0 0 0 1 1 1 0 0 0 0 0 0 0 1 1 1 1 1 1 1 0 0 0 0 0 0 0 1 1 1 0 0 0 0 0 0 0 1 1 1 0 0 0 1 1 1 1 0 0 1 0 0 0 0 1 0 0 
0 0 0 0 0 0 0 0 0 0 0 0 0 0 0 0 0 1 1 0 0 0 0 0 0 0 0 0 0 0 0 0 0 0 0 0 0 0 0 1 1 2 0 0 0 0 1 1 0 1 0 0 0 0 0 1 0 0 0 0 0 0 0 0 0 0 1 1 0 0 0 0 0 0 0 0 0 1 0 0 0 0 0 0 0 0 0 0 0 0 0 0 1 1 1 1 0 0 1 1 0 0 0 1 1 1 0 0 0 0 0 0 0 0 0 0 0 0 1 1 0 1 2 1 1 1 0 1 1 1 0 0 0 1 1 1 0 0 0 1 1 0 1 1 0 0 0 0 0 1 1 0 1 1 1 1 1 0 1 1 0 0 0 0 0 0 0 1 1 1 1 0 0 0 0 0 0 0 0 0 0 0 0 1 1 0 0 0 1 1 1 0 
0 0 0 0 0 0 0 0 0 0 0 0 0 0 0 0 0 1 1 2 0 0 1 0 0 0 0 0 0 0 0 0 0 0 0 0 0 0 0 0 0 0 0 0 0 0 0 0 1 0 2 1 0 0 1 2 1 0 0 0 0 1 1 1 0 0 1 1 0 0 1 1 0 1 1 0 0 0 0 0 0 1 1 0 0 0 1 1 1 0 0 1 1 1 1 1 1 1 1 0 0 0 0 0 0 0 1 1 1 1 1 0 0 0 0 0 0 1 1 0 0 1 1 0 1 1 1 1 2 1 1 1 1 1 0 0 1 0 0 1 1 1 0 1 1 1 1 0 0 0 0 0 0 0 1 1 1 0 0 0 0 0 0 1 1 0 0 1 1 1 1 2 1 1 1 2 2 1 0 0 0 0 0 0 0 1 0 0 1 1 1 0 
0 0 0 0 0 0 0 0 0 0 0 0 0 0 0 0 0 0 0 0 0 2 1 0 0 0 0 0 0 0 0 0 0 0 0 0 0 0 0 0 0 1 0 1 0 0 0 0 0 0 0 0 0 1 1 0 0 0 0 0 0 2 1 1 0 1 1 1 0 0 0 0 0 0 1 1 1 0 0 0 0 0 0 0 0 0 1 1 0 0 0 0 0 0 0 0 1 1 1 0 0 0 1 0 1 1 0 1 2 2 0 0 0 0 0 0 0 1 1 1 1 0 1 1 1 1 0 1 1 1 1 1 0 0 0 0 0 0 0 0 0 0 0 1 1 1 0 1 1 1 1 0 0 0 0 0 0 0 0 1 1 0 0 1 1 1 1 0 0 0 0 1 1 0 1 1 1 1 0 0 0 0 0 0 1 0 0 0 0 0 0 0 
0 0 0 0 0 0 0 0 0 0 0 0 0 0 0 0 0 0 0 0 0 0 0 0 0 0 0 1 0 0 0 0 0 1 0 0 0 1 1 0 0 0 0 0 1 0 0 1 0 0 0 0 1 2 1 0 0 0 1 0 0 0 0 0 0 1 1 1 0 0 0 0 0 0 1 1 1 0 0 0 1 1 1 1 1 0 0 0 1 0 0 0 1 1 1 0 0 1 0 1 1 1 0 0 0 0 1 0 0 0 1 1 1 0 0 0 0 0 0 0 1 1 0 0 0 0 0 0 0 0 1 2 1 0 0 0 2 2 1 1 1 0 0 0 0 0 1 1 0 0 0 1 1 0 0 0 0 0 0 0 0 0 0 0 0 0 1 1 0 0 0 0 0 0 1 2 2 1 1 2 1 1 0 0 0 1 1 0 0 0 0 0 
0 0 0 0 0 0 0 0 0 0 0 0 0 0 0 0 0 0 0 0 0 0 1 1 0 1 0 0 0 0 0 0 0 0 2 1 0 1 0 0 0 0 2 1 1 0 0 0 0 0 1 0 0 1 1 0 0 1 1 1 0 0 0 0 1 1 0 0 1 1 0 0 0 0 1 0 0 1 0 0 0 0 0 1 1 1 1 1 1 1 0 0 0 1 0 0 1 1 1 1 0 0 1 1 1 1 1 0 0 1 1 1 0 0 0 0 0 0 0 0 0 1 1 1 0 1 0 0 0 0 1 1 1 0 0 0 0 0 1 2 1 0 0 1 1 1 1 1 1 1 0 0 0 0 0 1 0 0 1 0 0 0 1 1 1 1 0 0 1 0 1 1 0 0 0 1 1 0 0 0 0 0 0 0 1 0 0 0 0 1 0 0 
0 0 0 0 0 0 0 0 0 0 0 0 0 0 1 1 0 0 0 0 0 1 0 0 0 0 0 1 1 0 0 2 1 0 1 0 1 2 1 0 0 2 1 0 0 1 1 1 1 1 2 1 1 0 1 1 1 1 2 1 0 1 1 1 1 1 1 0 0 0 0 0 0 0 0 0 0 0 1 1 0 1 1 1 1 1 1 1 0 0 1 0 0 0 1 1 1 1 2 1 1 0 0 0 0 0 0 0 0 0 0 0 1 0 0 1 1 1 0 0 0 1 1 1 1 0 0 0 0 0 1 1 0 1 1 0 0 0 0 1 1 0 0 0 1 1 0 0 0 0 1 1 1 0 1 1 1 0 0 1 1 2 1 1 1 1 2 1 0 0 1 1 0 0 1 2 2 1 1 1 1 1 1 1 1 1 0 0 0 1 1 0 
0 0 0 0 0 0 0 0 0 0 0 0 0 0 0 0 0 0 0 0 1 0 1 0 0 1 0 1 1 0 0 0 0 0 0 0 0 0 0 0 0 1 0 0 0 0 1 0 1 2 0 0 1 1 1 2 1 1 0 0 0 0 1 1 0 0 0 1 1 0 0 0 0 1 0 1 1 1 0 0 0 0 1 1 1 1 1 0 0 0 0 0 0 0 1 2 1 1 0 0 0 0 0 1 1 0 0 0 1 1 1 0 1 1 1 1 0 0 0 0 0 0 0 0 0 0 0 0 0 0 0 1 0 1 1 0 0 0 0 1 0 0 0 1 1 0 0 1 1 0 1 2 1 0 0 1 1 1 0 1 2 2 2 1 1 1 1 1 1 1 0 0 0 0 1 1 1 0 0 0 0 0 0 0 1 1 0 0 1 0 0 0 
0 0 0 0 0 0 0 0 0 0 0 0 0 0 0 0 0 0 0 0 0 1 1 0 0 1 1 1 0 0 1 0 1 1 1 0 0 0 1 0 0 0 0 0 0 0 0 0 0 0 0 1 1 1 1 0 1 1 0 0 0 1 1 1 1 0 0 1 0 0 0 0 0 0 1 1 1 1 2 2 0 1 1 1 2 2 1 0 1 1 1 1 1 1 1 1 0 0 0 0 0 1 2 2 1 1 1 1 1 1 1 1 1 1 1 0 1 1 1 0 0 0 0 0 0 0 0 0 0 0 1 0 0 0 1 1 0 0 1 1 1 1 1 1 1 0 0 0 0 0 0 0 1 1 0 0 2 1 0 1 1 0 0 1 1 0 0 0 0 0 0 0 1 1 0 0 1 1 1 0 0 0 0 0 1 1 0 0 0 0 0 0 
0 0 0 0 0 0 0 0 0 0 0 0 0 0 0 0 0 0 1 0 1 1 0 0 0 1 2 1 0 0 0 1 2 0 0 0 1 1 0 0 0 0 0 1 1 0 0 0 1 1 0 1 1 1 1 2 1 1 0 0 0 1 1 1 1 1 0 0 0 0 0 0 0 0 1 1 1 1 1 0 0 0 1 1 1 1 0 0 0 1 1 0 0 1 1 0 0 1 0 0 0 1 1 0 1 1 1 1 0 0 0 0 0 0 0 1 1 1 0 0 0 1 1 0 0 0 0 0 0 0 0 0 0 1 1 1 0 1 1 1 0 0 1 2 1 0 0 1 1 0 1 1 1 2 2 1 1 1 1 1 1 1 1 2 1 1 0 0 1 1 1 0 0 0 0 0 1 0 0 0 0 0 0 0 1 1 0 0 0 0 0 0 
0 0 0 0 0 0 0 0 0 0 0 0 0 0 0 0 0 2 0 0 0 1 0 0 1 0 0 0 1 1 0 1 1 1 1 2 2 0 0 0 0 1 2 1 0 0 0 0 0 1 1 0 0 0 1 1 0 0 0 0 0 1 1 1 1 0 0 0 0 0 0 0 0 1 1 1 0 0 0 0 0 0 0 0 1 1 1 0 0 0 0 0 0 0 1 1 1 0 0 1 1 0 0 0 1 0 1 1 1 1 1 0 0 0 0 0 2 2 1 0 1 2 1 0 1 0 0 1 2 2 1 0 1 1 0 0 0 0 0 0 0 0 0 0 1 1 1 0 0 1 1 0 0 0 0 0 0 0 0 0 0 1 2 1 1 0 0 0 1 1 1 1 1 1 0 0 1 1 0 0 0 0 0 0 0 0 0 1 1 0 0 0 
0 0 0 0 0 0 0 0 0 0 0 0 0 1 2 0 1 1 0 0 1 0 0 0 0 0 2 0 0 0 0 0 2 0 0 1 1 0 1 1 0 0 1 1 1 0 0 0 0 1 1 0 1 0 0 1 1 1 1 1 1 1 2 3 2 1 0 0 0 0 0 1 1 1 1 1 1 1 1 0 1 1 1 0 0 1 1 0 0 0 1 1 1 1 0 0 0 0 0 1 1 1 1 1 1 0 0 0 1 2 1 0 0 1 1 1 1 1 0 0 0 1 1 0 0 0 1 1 1 1 1 1 1 1 1 1 0 0 1 1 1 0 0 1 1 1 1 1 1 0 0 1 0 0 0 0 1 0 0 1 1 1 1 0 0 1 1 1 1 0 1 2 2 1 0 0 0 0 0 0 0 0 0 0 0 0 1 1 1 0 0 0 
0 0 0 0 0 0 0 0 0 0 0 0 2 1 1 0 0 0 0 0 1 0 0 0 0 2 0 0 1 0 0 1 2 0 0 0 0 0 0 0 0 0 0 0 0 0 0 0 0 1 0 0 0 0 0 0 1 1 1 1 0 0 0 1 1 0 0 1 0 0 2 2 1 0 0 0 0 1 0 0 1 1 2 1 0 0 0 0 0 1 1 1 1 1 0 0 1 1 1 1 1 1 1 1 1 0 0 0 1 1 1 0 0 1 1 1 0 0 0 0 1 1 0 0 0 1 2 2 1 1 1 1 1 1 1 1 1 1 1 1 1 0 0 0 1 0 0 0 1 1 0 0 0 0 0 0 0 0 0 0 0 1 1 1 0 0 0 2 2 2 1 1 1 2 2 1 0 0 0 0 0 0 1 1 1 0 0 0 0 0 0 0 
0 0 0 0 0 0 0 0 0 0 0 0 1 1 1 0 0 1 0 0 0 0 0 0 0 2 0 0 1 0 0 1 2 1 0 0 0 0 0 0 0 1 2 0 0 1 1 1 2 1 0 0 0 0 0 1 1 1 1 1 1 1 2 3 2 0 1 0 0 0 2 2 1 0 0 0 0 0 1 1 1 0 0 0 0 1 0 0 0 0 0 0 0 0 0 0 0 1 1 1 1 0 1 2 1 1 1 0 0 1 1 0 0 1 2 1 0 0 1 0 0 0 0 0 0 1 1 1 1 1 1 0 0 1 1 1 1 1 1 0 0 0 0 0 1 0 0 0 1 1 1 0 0 1 1 0 0 0 1 1 0 0 0 1 1 1 1 1 2 1 1 1 0 1 2 2 1 1 1 1 1 0 0 1 0 1 1 0 0 0 1 0 
0 0 0 0 0 0 0 0 0 0 0 0 0 1 2 2 2 0 1 1 0 1 2 0 1 2 0 0 1 2 1 1 1 0 0 1 1 0 0 0 0 2 2 2 0 0 1 1 1 0 0 0 0 1 1 1 1 1 0 0 0 0 0 0 0 1 1 1 1 2 1 0 1 0 1 1 0 0 1 1 0 0 0 0 0 0 1 0 0 0 0 0 1 1 2 2 1 1 1 1 0 0 1 2 1 1 1 1 1 1 1 0 0 1 1 1 1 0 1 2 2 0 0 1 0 1 1 1 1 1 1 1 0 0 0 0 1 1 1 1 0 0 0 0 1 1 0 1 1 2 1 1 1 1 1 1 0 0 1 1 1 0 0 0 0 1 1 0 1 2 2 1 1 1 1 0 1 2 1 0 0 1 1 0 1 2 1 0 1 0 1 0 
0 0 0 0 0 0 0 0 0 0 0 0 0 2 0 0 0 0 0 1 0 0 0 0 0 1 0 1 2 1 1 1 0 0 0 0 1 1 0 0 0 1 0 0 0 0 0 1 1 1 0 1 1 0 0 0 1 0 0 0 1 2 2 1 1 1 1 0 0 1 1 1 0 1 2 2 1 0 0 1 1 1 1 0 0 1 1 1 1 1 0 0 0 1 2 2 1 1 1 1 0 1 1 1 1 2 2 1 1 1 1 0 0 0 0 0 0 0 1 2 1 1 1 0 1 1 1 1 1 0 1 1 0 0 0 1 1 1 0 0 0 0 0 0 0 0 0 1 1 1 1 1 1 0 0 0 1 1 1 1 1 1 2 1 0 0 1 1 1 1 1 0 1 1 1 1 1 1 0 0 0 1 1 0 1 2 0 0 0 0 0 0 
0 0 0 0 0 0 0 0 0 0 0 0 2 2 0 0 1 0 0 0 0 0 1 2 0 0 1 0 0 1 1 1 0 0 0 0 1 0 0 1 1 1 1 1 0 1 0 0 0 0 1 0 0 0 1 1 0 1 0 1 1 1 1 0 0 0 0 0 1 1 1 1 1 1 1 1 1 0 0 1 2 1 0 1 1 1 1 0 0 0 0 1 1 1 1 1 2 2 1 0 1 1 1 1 1 1 1 2 1 0 0 1 0 0 0 0 0 0 0 0 1 1 1 0 0 0 1 0 0 0 0 1 0 0 1 1 1 1 1 2 1 0 1 0 0 0 1 2 2 1 1 2 2 1 0 0 0 0 0 2 3 1 0 0 0 1 1 1 1 0 0 1 0 0 1 1 1 1 0 1 1 1 1 1 0 1 1 1 1 1 1 0 
0 0 0 0 0 0 0 0 0 0 0 0 2 2 1 1 2 1 1 1 0 0 1 1 1 1 2 1 1 1 2 1 0 0 3 1 0 0 0 2 1 0 0 0 1 2 0 0 1 1 0 0 0 0 0 0 0 1 0 0 0 0 0 0 0 0 0 0 1 2 2 1 0 1 0 0 1 0 0 1 1 1 1 1 1 1 1 0 1 0 0 0 1 2 1 0 0 1 1 0 0 0 0 0 0 0 0 0 1 0 0 1 0 1 1 0 0 0 0 0 1 2 1 0 0 0 1 2 1 0 1 1 1 0 1 1 0 1 1 2 1 0 1 0 0 1 1 1 1 1 1 1 1 1 1 2 1 2 2 1 1 0 1 1 0 0 2 1 0 0 0 0 1 0 0 0 0 1 1 0 0 0 0 0 1 1 1 1 0 0 0 0 
0 0 0 0 0 0 0 0 0 0 0 0 0 2 2 2 2 2 0 0 0 0 1 0 0 1 2 0 0 0 0 0 0 0 1 2 1 0 1 1 0 0 1 0 1 2 1 0 1 1 0 0 0 0 1 1 0 0 1 0 1 1 0 0 1 2 2 0 1 2 2 1 0 0 0 1 0 0 0 1 1 1 0 0 0 0 0 0 0 0 1 1 1 1 1 1 0 0 0 1 1 1 1 1 1 0 0 0 1 0 0 0 1 0 0 0 1 1 0 1 1 0 0 0 0 0 1 2 1 0 0 0 0 0 0 0 0 1 1 2 2 0 0 0 1 1 0 0 1 1 1 1 1 1 1 1 1 1 1 2 2 1 1 1 1 1 0 1 1 1 1 1 0 1 1 1 1 1 0 0 1 0 1 1 1 2 1 1 1 2 1 0 
0 0 0 0 0 0 0 0 0 0 0 0 1 1 1 0 0 0 2 0 1 1 3 1 1 2 1 1 1 1 0 1 1 1 1 2 1 0 0 0 0 1 1 0 0 2 1 1 1 0 0 0 1 1 1 1 1 0 0 0 0 0 0 0 1 1 1 1 1 1 1 0 0 0 1 1 1 0 1 0 1 1 0 1 1 0 0 0 0 1 1 1 0 0 1 2 1 0 0 1 0 1 1 1 1 1 1 1 1 0 0 1 1 1 2 1 2 1 1 1 1 0 0 0 0 0 1 1 1 1 1 0 0 0 1 1 1 1 1 1 1 1 0 0 1 1 1 1 1 0 0 1 2 1 1 1 1 2 1 1 0 1 2 1 0 0 0 1 1 2 2 1 0 0 0 0 1 1 1 1 0 1 1 0 0 0 1 0 1 2 1 0 
0 0 0 0 0 0 0 0 0 0 0 0 3 2 0 0 1 2 0 0 1 0 2 0 0 1 0 0 2 1 0 0 2 0 0 0 1 1 0 0 0 2 1 0 2 2 1 1 0 0 0 1 2 2 0 0 0 1 0 0 0 1 2 2 1 1 1 1 1 1 1 1 1 1 0 0 0 0 0 0 1 1 1 2 1 1 2 0 0 0 0 0 0 1 1 1 0 0 2 2 0 0 1 1 1 0 0 0 1 1 1 2 2 1 1 2 1 1 1 2 1 0 0 1 1 0 0 0 1 1 1 1 1 1 1 0 0 2 2 1 1 0 0 0 0 0 0 0 0 0 1 1 1 1 0 0 1 1 0 0 1 1 1 2 1 1 1 1 1 2 1 1 1 1 1 0 1 2 2 1 1 1 1 0 0 0 0 0 1 1 1 0 
0 0 0 0 0 0 0 0 0 0 0 1 2 3 3 0 0 1 0 0 0 1 0 2 2 0 0 1 0 1 1 1 1 0 1 1 0 0 0 0 1 1 0 1 2 1 1 0 0 1 1 1 1 1 0 0 1 1 1 0 1 1 0 0 0 0 0 0 0 1 1 1 1 1 1 1 1 0 0 0 1 1 2 1 0 0 1 2 2 1 0 1 1 1 1 0 0 0 1 1 0 0 0 0 0 1 2 2 0 0 1 2 1 1 0 0 1 1 2 1 0 0 0 1 1 1 1 0 1 1 1 1 1 1 0 0 0 2 2 1 0 0 1 1 0 0 0 0 1 1 1 2 1 0 1 1 2 2 1 1 1 0 0 0 0 1 2 2 1 1 0 0 0 1 1 1 1 2 2 1 0 1 1 1 0 0 0 0 1 2 1 0 
0 0 0 0 0 0 0 0 0 0 0 0 1 5 2 1 1 2 1 1 0 0 1 2 2 1 1 2 3 1 0 0 0 0 0 0 1 1 2 1 0 0 0 1 0 0 1 1 1 1 1 2 2 2 1 1 1 1 0 0 1 0 0 0 1 1 1 0 1 1 1 0 1 1 1 1 0 0 0 0 0 1 1 1 0 0 1 1 0 0 0 0 0 1 1 1 1 0 0 1 1 1 0 0 1 2 2 1 1 1 2 2 2 1 0 0 1 2 1 1 0 0 0 1 1 1 1 1 1 1 0 0 1 0 0 1 1 1 1 0 0 0 0 1 1 0 0 0 1 1 1 1 0 0 1 1 1 1 1 1 1 1 1 1 1 1 2 3 3 1 0 0 1 0 0 1 1 0 0 1 1 1 0 0 0 1 1 2 1 1 0 0 
0 0 0 0 0 0 0 0 0 0 0 1 2 0 2 1 0 3 2 0 1 1 2 2 2 2 2 2 1 1 2 1 0 1 2 1 0 1 2 0 0 0 0 0 1 1 1 1 1 1 1 2 2 0 0 0 0 0 1 1 1 0 0 0 1 0 0 0 1 0 1 1 0 1 3 3 1 0 0 0 0 0 1 1 1 1 0 1 2 2 1 1 1 1 2 1 1 1 1 1 2 1 1 1 1 0 1 1 1 1 2 2 1 1 1 1 1 1 1 1 1 0 0 0 1 1 1 1 1 1 1 0 0 0 1 1 1 1 1 0 0 1 1 1 0 0 1 1 1 1 1 1 1 1 2 1 0 0 0 0 0 1 1 1 0 1 1 1 0 0 1 1 1 0 0 1 1 1 0 1 1 1 1 1 0 1 1 1 1 1 1 0 
0 0 0 0 0 0 0 0 0 0 0 1 0 1 2 0 1 2 0 0 0 0 1 1 1 2 0 0 0 0 1 0 0 0 1 2 0 0 0 1 0 0 1 0 0 1 1 0 1 1 0 0 1 1 0 1 1 0 0 0 2 1 0 0 0 1 1 1 0 0 0 1 1 0 1 1 0 0 1 1 1 1 2 1 0 0 0 1 2 1 1 1 1 0 1 2 1 0 0 0 1 1 1 1 1 1 1 2 1 1 1 1 2 2 1 1 1 1 1 1 1 1 2 1 1 1 1 1 0 1 1 1 0 0 1 1 1 1 1 1 1 2 2 1 0 1 2 1 1 1 1 2 2 1 0 0 0 0 0 0 0 0 0 1 1 1 2 2 1 0 0 1 1 1 0 1 1 1 1 0 0 0 1 2 1 1 1 1 1 1 0 0 
0 0 0 0 0 0 0 0 0 0 2 2 2 1 1 0 0 0 0 0 1 0 0 0 1 2 0 0 0 0 1 0 0 0 2 2 1 1 0 2 1 0 0 0 0 0 0 1 1 0 1 2 1 0 1 1 1 1 0 1 2 1 1 1 0 0 1 2 1 0 0 0 1 1 0 0 1 1 2 1 1 1 1 1 1 0 0 0 1 1 1 0 0 0 1 2 1 1 1 1 2 1 0 0 0 1 2 1 1 1 1 2 1 2 1 1 1 1 1 1 1 1 1 1 1 0 1 0 0 1 1 1 1 1 1 1 1 1 1 2 1 1 1 1 1 1 1 1 0 0 0 1 1 1 1 1 2 1 1 0 0 1 1 1 1 1 1 0 0 1 1 1 2 1 1 1 2 1 0 1 1 1 1 0 0 0 0 1 1 0 1 0 
0 0 0 0 0 0 0 0 0 0 2 0 2 0 0 0 3 0 1 3 0 0 0 0 1 1 1 1 1 1 2 1 0 2 0 1 0 0 1 1 1 1 0 2 2 2 1 1 0 1 2 1 0 2 2 1 1 0 0 1 1 2 2 1 1 2 2 1 1 0 0 1 2 1 1 3 2 0 0 0 1 0 0 1 1 0 0 0 1 1 0 1 1 0 0 1 0 2 3 2 0 1 1 0 1 1 2 1 0 0 1 0 0 1 1 1 2 1 1 1 1 1 0 0 1 1 1 1 0 0 1 1 1 1 1 0 0 1 2 2 1 1 1 1 1 1 1 0 0 0 0 0 0 2 2 2 2 1 0 0 0 1 1 1 1 1 1 0 0 0 1 2 2 1 0 1 2 2 1 0 1 2 2 3 1 1 0 0 0 0 0 0 
0 0 0 0 0 0 0 0 0 0 0 2 1 0 0 1 2 0 1 1 1 1 1 1 1 1 2 2 2 2 1 1 2 1 0 0 0 1 1 1 1 1 1 2 2 2 0 1 1 0 0 1 1 1 1 1 1 0 0 1 1 1 1 1 1 1 1 1 1 0 1 2 2 1 1 2 1 1 1 0 0 1 0 0 1 2 1 0 0 0 0 0 0 1 1 1 1 1 1 1 1 1 0 0 2 2 1 1 0 0 0 0 0 0 0 1 2 2 1 1 1 2 2 1 1 1 2 1 1 0 0 1 1 1 1 1 1 1 1 1 1 1 1 1 1 1 1 1 0 0 1 1 1 2 2 2 2 1 1 0 0 0 1 2 2 1 1 1 1 1 1 1 1 1 0 0 0 1 1 1 1 0 1 1 0 0 0 1 0 0 1 0 
0 0 0 0 0 0 0 0 0 0 3 1 0 1 1 2 2 2 1 1 0 2 2 1 0 2 3 1 0 1 1 0 2 1 0 2 2 2 0 0 0 1 1 0 1 0 1 1 1 1 1 1 1 1 1 1 1 0 0 1 1 1 1 0 0 1 1 1 1 0 0 1 1 1 1 1 1 2 2 1 1 1 0 0 0 1 1 0 1 0 0 0 1 2 1 1 2 1 0 0 0 0 1 1 0 1 2 1 1 0 1 1 1 0 0 0 1 1 1 1 1 2 2 1 0 1 1 2 2 1 1 1 2 2 1 1 1 1 0 0 1 1 1 1 1 1 1 1 1 1 1 1 2 2 1 0 1 1 1 0 0 0 1 1 1 0 2 3 2 1 1 1 0 1 1 0 0 0 0 0 1 2 2 2 2 1 0 0 0 0 1 0 
0 0 0 0 0 0 0 0 0 0 2 0 0 2 2 3 1 2 3 1 1 2 2 0 0 2 1 1 0 0 1 3 2 2 2 1 1 0 1 1 0 1 1 0 0 1 1 0 0 0 0 0 1 0 0 1 1 0 0 1 1 1 1 0 0 1 1 0 1 1 1 1 1 0 2 1 1 1 1 2 2 1 0 0 1 1 0 0 1 1 1 0 0 0 0 1 1 1 1 0 0 0 0 1 1 1 1 2 2 1 1 1 1 0 0 0 1 0 1 1 1 1 1 0 0 1 1 1 1 1 1 1 1 1 2 1 0 1 1 1 0 1 1 0 1 1 1 0 0 1 1 1 1 2 1 1 1 1 1 0 0 0 1 1 1 1 1 1 1 1 2 1 1 1 1 1 1 0 0 1 1 1 1 2 2 2 2 1 0 0 0 0 
0 0 0 0 0 0 0 0 0 0 1 0 0 2 1 0 0 2 1 1 2 0 0 0 1 1 0 1 0 1 0 0 1 2 1 0 0 1 1 0 0 1 1 1 1 1 0 0 0 0 0 1 1 0 0 1 1 0 0 1 1 1 1 2 1 1 1 1 1 1 1 0 1 0 1 1 1 2 2 1 1 1 2 2 2 3 4 2 1 0 0 0 0 0 1 1 1 1 1 0 0 0 0 0 1 0 1 3 2 0 0 1 1 1 0 1 1 0 0 1 1 0 0 0 0 1 1 0 0 1 1 1 1 1 1 1 0 1 1 1 0 0 1 1 1 1 0 0 0 1 1 1 0 0 0 0 0 1 2 1 1 1 2 2 2 2 1 1 1 1 2 2 1 1 1 1 1 0 0 1 1 0 0 0 1 2 2 1 0 0 0 0 
0 0 0 0 0 0 0 0 0 0 3 3 5 2 2 1 1 0 1 2 2 3 2 2 1 1 2 1 1 1 0 1 1 0 0 0 2 1 0 0 0 0 0 2 2 1 0 0 1 1 1 1 0 0 0 0 0 0 0 1 0 1 2 2 1 1 0 1 1 1 1 1 1 1 2 2 1 1 1 1 1 1 2 2 1 2 3 2 2 1 1 1 1 1 2 2 1 1 1 1 0 0 0 1 1 0 1 3 1 1 1 1 0 0 1 2 3 2 2 1 1 1 0 0 0 1 1 0 1 1 1 1 1 1 0 1 1 2 2 2 1 1 1 2 2 2 1 0 0 2 2 1 1 1 1 0 0 2 2 0 0 0 0 0 0 0 1 1 0 1 1 1 1 0 1 1 1 1 1 0 0 0 0 0 1 0 0 1 1 1 1 0 
0 0 0 0 0 0 0 0 0 0 3 2 3 2 3 0 2 1 0 0 1 3 3 1 1 1 2 2 2 0 1 1 0 0 1 0 1 2 1 0 0 0 1 1 1 1 0 0 0 1 1 1 0 1 1 1 1 1 0 0 0 1 1 1 1 1 0 0 0 0 0 0 0 2 2 1 1 1 2 2 1 0 0 0 2 3 2 1 1 2 1 0 1 2 2 1 1 2 2 1 1 1 1 1 0 0 0 1 0 1 0 0 0 0 1 2 3 3 2 1 1 2 2 1 1 2 1 1 1 1 1 1 1 1 1 0 1 2 3 3 2 1 2 2 2 2 3 2 1 1 1 1 0 0 1 0 0 0 0 0 1 2 0 0 1 0 0 0 0 0 0 0 0 0 0 0 1 2 2 1 0 1 1 0 0 1 1 0 0 0 0 0 
0 0 0 0 0 0 0 0 0 4 1 3 2 3 2 0 2 1 0 2 1 1 2 1 1 3 2 1 0 1 1 1 1 1 2 0 3 3 2 1 1 1 1 1 0 1 0 0 0 0 1 1 1 1 1 1 1 1 0 0 0 1 1 1 1 0 1 0 0 0 0 1 2 1 1 1 0 0 1 1 0 0 0 1 1 1 0 1 2 2 2 2 3 2 1 0 2 2 2 1 2 1 1 1 0 1 1 2 1 0 0 0 1 1 1 1 2 2 1 2 2 2 2 1 1 2 1 0 0 1 1 1 1 1 1 1 1 1 1 2 2 2 2 1 0 2 4 4 1 1 3 2 0 1 1 2 1 0 0 1 1 1 1 0 0 0 0 0 1 1 2 1 1 1 2 1 0 1 1 1 1 1 1 1 0 0 1 0 0 0 0 0 
0 0 0 0 0 0 0 0 0 0 3 1 0 1 2 0 1 2 1 3 1 0 3 2 2 2 2 0 0 0 2 1 0 1 2 1 2 3 2 0 1 1 0 0 0 1 1 0 1 1 0 1 1 0 1 2 2 0 0 1 0 0 0 0 0 1 2 2 0 0 0 1 1 0 2 2 0 1 2 1 0 1 1 1 1 1 0 0 1 2 1 1 2 0 0 1 1 1 1 2 2 1 0 0 0 0 1 2 2 0 0 1 1 0 0 0 1 2 2 2 1 2 2 2 2 2 1 0 1 1 1 1 1 1 2 2 2 1 1 1 1 1 1 1 2 2 2 2 2 1 2 2 2 0 1 2 1 0 0 0 0 1 2 2 1 1 1 1 1 1 1 1 1 1 2 2 1 1 0 0 0 0 0 0 1 1 1 1 1 1 0 0 
0 0 0 0 0 0 0 0 0 3 3 0 0 0 1 0 1 2 1 1 1 1 1 0 1 2 1 0 0 2 2 1 1 0 1 0 1 1 1 0 1 0 0 1 1 2 1 0 2 2 1 2 1 0 1 1 1 2 2 1 1 1 1 1 1 2 2 1 1 0 1 2 2 1 2 1 1 2 1 1 1 1 1 2 2 2 2 2 2 2 1 0 1 0 0 2 1 0 1 1 1 1 1 1 1 1 0 0 1 2 1 1 1 1 1 1 2 2 1 0 0 2 3 3 2 2 1 2 2 0 0 1 1 1 2 1 1 1 1 1 1 1 0 1 2 2 2 2 2 2 1 1 1 1 1 2 2 1 0 0 0 1 2 2 2 1 1 1 1 1 1 1 1 1 1 1 1 0 0 0 0 1 0 0 1 1 1 2 1 1 1 0 
0 0 0 0 0 0 0 0 0 3 1 1 0 1 3 1 2 0 2 2 0 0 1 1 0 2 2 1 0 0 1 1 0 1 1 1 1 1 1 0 1 0 1 1 1 1 1 0 2 1 1 1 1 1 1 1 0 1 1 1 1 1 1 1 2 1 1 1 0 0 0 0 1 1 1 1 1 1 0 0 1 0 1 2 2 1 1 1 2 1 1 1 0 0 1 2 1 0 1 2 1 1 1 1 1 1 0 0 1 1 0 1 2 1 1 1 3 2 1 1 0 0 1 2 1 1 0 1 1 0 0 1 1 1 0 0 1 1 1 1 2 2 2 1 1 2 1 0 0 0 1 0 0 0 1 1 1 1 1 0 1 1 2 1 1 1 0 1 1 1 1 2 1 1 1 1 1 1 2 2 1 0 0 0 1 1 1 2 2 1 2 0 
0 0 0 0 0 0 0 0 0 2 1 3 3 3 3 4 2 0 2 3 1 2 1 0 1 2 4 2 1 0 2 2 1 0 1 3 2 1 1 2 3 1 1 1 1 0 0 1 2 0 0 1 1 1 1 1 3 2 1 0 1 0 0 1 1 0 1 1 0 0 1 1 0 0 1 2 1 0 0 1 1 1 1 1 1 1 2 3 2 1 2 2 2 1 0 0 1 1 1 2 2 1 1 1 1 0 0 0 1 2 2 2 1 0 0 1 1 1 1 2 1 1 1 1 1 1 1 1 0 0 0 0 0 1 1 1 0 0 0 1 2 2 2 2 1 1 0 0 1 2 2 2 1 1 1 2 1 1 1 1 2 2 2 1 1 0 0 1 2 1 1 0 1 1 1 0 0 1 1 2 2 1 1 1 1 1 2 1 0 0 1 0 
0 0 0 0 0 0 0 0 0 3 3 1 1 2 2 1 1 3 3 3 2 3 1 3 2 1 1 3 1 1 1 1 1 0 0 1 1 0 1 2 2 1 0 0 1 1 0 1 1 1 0 1 1 1 0 2 3 2 0 0 1 0 1 2 2 2 1 1 2 1 2 2 1 1 1 1 1 0 0 0 2 2 2 1 0 1 2 2 1 0 0 1 2 1 0 1 0 1 1 2 2 2 1 1 1 1 1 1 1 2 2 1 1 2 2 2 2 2 2 1 0 0 0 0 0 0 1 1 0 0 1 2 2 1 0 0 1 2 1 1 3 2 2 2 2 1 0 1 2 2 3 2 2 1 1 2 1 1 1 2 2 2 0 0 0 1 1 1 1 2 2 0 2 2 2 1 1 0 1 2 2 1 1 1 1 1 2 1 1 1 1 0 
0 0 0 0 0 0 0 0 0 2 1 2 2 0 0 2 1 2 2 2 3 3 4 2 1 1 1 2 1 1 1 1 1 0 0 1 1 1 2 1 1 1 0 0 2 1 1 2 2 2 2 2 2 2 1 1 1 0 0 0 1 1 2 3 3 2 2 2 2 2 2 1 0 1 2 1 0 1 2 1 1 3 2 0 0 0 0 1 1 1 1 1 2 1 1 2 2 1 2 3 2 1 1 1 1 0 0 2 2 2 1 1 2 2 2 1 1 2 2 1 1 1 1 0 1 2 1 0 0 0 0 1 1 1 1 0 2 2 1 1 1 2 1 1 0 1 1 1 0 0 0 1 0 0 2 3 2 2 1 1 1 2 2 2 1 1 1 1 0 1 1 1 1 1 2 1 0 1 2 1 1 1 1 0 1 1 1 1 2 2 2 0 
0 0 0 0 0 0 0 0 0 3 3 3 2 3 2 3 0 2 3 2 5 3 2 1 0 2 3 2 1 1 1 0 0 0 0 0 1 2 2 0 1 2 0 0 1 1 1 1 1 1 2 2 2 2 3 3 2 0 2 3 2 1 2 3 2 1 2 2 1 1 2 1 2 2 2 2 2 3 3 1 0 2 2 1 1 1 1 1 1 1 1 1 2 1 1 1 1 2 2 2 1 1 0 0 0 1 2 3 2 1 0 0 1 1 1 1 2 2 1 2 1 1 1 0 0 0 1 2 2 2 2 2 2 0 0 2 3 3 1 1 3 3 1 1 1 1 0 1 1 1 1 1 1 1 1 2 2 2 1 0 0 1 2 3 1 1 1 1 1 1 1 1 1 1 2 2 1 1 0 0 1 1 1 1 1 1 1 1 1 1 2 0 
0 0 0 0 0 0 0 0 3 6 2 0 1 3 2 1 1 3 1 3 2 1 3 2 3 2 2 2 1 0 1 2 2 1 1 1 1 2 1 1 0 1 1 1 1 0 0 1 1 0 1 1 1 2 3 2 0 1 1 2 1 0 1 1 0 0 1 1 1 1 1 2 2 2 2 2 2 2 0 0 0 1 2 1 1 2 1 1 2 1 1 1 1 1 1 2 1 1 2 2 1 0 0 1 1 1 2 2 1 1 0 1 1 0 0 1 2 2 1 1 1 2 2 1 1 1 1 2 3 2 1 2 2 1 1 2 3 1 0 0 1 2 1 1 2 2 2 2 3 3 1 1 0 2 2 2 2 1 0 0 0 1 1 1 1 1 1 0 0 1 1 1 1 0 1 1 0 0 0 1 1 1 2 2 1 1 2 2 1 0 1 0 
0 0 0 0 0 0 0 0 4 4 6 5 2 2 4 3 3 2 1 1 2 4 2 0 1 1 2 1 1 1 1 3 2 1 0 1 0 1 0 1 1 1 2 2 1 1 0 0 0 1 1 0 1 3 1 0 1 1 0 1 2 1 1 1 1 0 0 0 1 1 2 2 2 2 1 2 3 3 2 1 1 1 2 1 1 1 0 1 1 1 0 0 0 1 2 1 1 0 1 2 1 2 2 2 1 1 1 1 0 0 1 1 1 0 1 1 1 2 1 0 1 1 1 1 1 1 2 2 2 2 2 2 2 2 2 2 2 1 1 2 2 2 2 2 2 3 2 2 3 4 2 0 0 1 3 4 3 2 0 0 0 2 1 1 1 1 1 0 1 1 1 1 1 1 1 1 2 2 2 1 1 1 2 3 1 1 2 2 1 0 0 0 
0 0 0 0 0 0 0 0 2 2 4 5 3 5 5 1 3 1 1 0 2 3 3 3 1 3 2 2 1 1 1 2 1 1 1 1 3 4 1 2 3 3 3 2 2 2 1 1 2 2 0 1 2 3 1 1 2 1 0 1 3 2 1 1 0 0 0 1 0 0 1 2 1 1 2 2 2 1 1 1 2 1 1 1 1 1 0 0 0 0 1 1 1 2 2 1 2 1 0 1 3 4 3 2 1 1 1 1 0 0 1 0 0 1 2 1 1 0 0 1 1 1 1 0 0 0 2 2 2 1 2 2 1 0 1 1 1 1 2 2 2 3 3 1 2 2 3 3 3 3 2 2 1 1 1 2 2 2 1 1 0 1 1 2 2 1 1 1 3 2 2 2 1 1 0 0 1 1 0 1 2 2 2 3 1 1 1 2 0 1 1 0 
0 0 0 0 0 0 0 0 2 3 4 4 1 4 3 0 1 3 3 1 0 1 2 0 0 2 1 3 2 2 1 0 1 2 3 0 3 3 2 2 2 3 3 2 2 2 2 2 2 2 2 1 2 2 2 0 1 1 1 2 1 1 2 3 1 1 1 1 0 1 2 1 1 1 1 0 0 2 1 1 1 2 1 2 3 2 1 1 2 1 1 1 1 1 1 1 2 3 2 1 2 2 3 2 2 1 1 1 0 0 1 1 1 2 2 2 2 1 1 0 1 2 1 1 1 1 2 2 1 1 2 1 0 0 1 3 2 1 1 1 2 1 1 0 0 1 2 2 1 1 2 4 3 2 1 1 2 2 1 1 1 0 0 1 1 1 1 1 2 2 0 1 2 2 2 2 1 1 2 2 2 1 1 1 1 1 0 1 1 1 1 0 
0 0 0 0 0 0 0 0 2 5 5 1 3 4 1 1 2 3 2 4 1 0 2 3 3 2 3 3 2 4 1 2 3 3 3 2 0 1 2 2 2 1 2 1 1 1 1 2 2 2 2 0 1 1 2 2 3 2 1 1 0 0 2 2 0 1 1 1 0 2 2 0 1 1 2 1 0 0 0 1 2 2 2 2 3 3 1 0 1 2 2 1 0 2 3 3 1 1 2 2 2 1 0 1 3 4 2 0 1 2 2 1 2 2 2 2 3 2 2 0 1 2 3 3 2 2 2 1 1 1 1 1 1 1 1 2 2 1 1 1 2 3 2 0 1 1 1 1 0 2 3 4 3 3 2 1 1 2 2 0 1 1 1 1 1 0 0 1 1 1 1 0 0 1 0 1 1 2 2 1 1 1 2 2 1 1 0 0 1 2 1 0 
0 0 0 0 0 0 0 0 1 3 3 4 4 2 3 4 3 0 3 4 0 0 1 2 1 1 3 2 2 2 0 1 2 4 3 2 1 1 1 2 1 1 1 0 1 2 2 2 1 1 2 2 3 0 2 3 3 3 1 0 0 1 1 2 1 2 2 1 1 1 0 0 1 3 4 2 1 3 3 2 2 2 1 1 1 2 1 1 1 2 1 0 1 2 3 2 1 2 3 3 2 1 2 0 0 2 3 3 4 4 3 1 1 1 1 1 1 1 1 1 1 3 3 2 2 2 2 0 1 2 1 1 1 0 0 1 1 0 1 1 2 4 3 1 1 2 2 1 1 2 3 3 3 2 2 1 1 2 1 0 1 1 0 1 2 2 1 2 1 1 1 2 1 1 2 2 1 1 2 2 2 2 2 3 3 1 1 2 1 1 1 0 
0 0 0 0 0 0 0 0 3 3 3 3 2 1 2 5 3 1 2 4 1 0 1 3 1 0 2 3 4 2 2 1 1 1 1 0 1 0 1 1 1 2 2 1 2 4 3 1 1 0 1 2 1 0 1 1 1 1 2 1 2 2 1 1 1 2 2 1 1 1 1 1 1 2 3 3 1 1 2 2 2 3 1 0 1 1 1 3 1 2 2 2 2 2 2 1 1 1 1 2 2 0 0 0 1 2 2 3 4 4 5 2 1 2 3 3 2 1 1 1 2 2 2 2 2 2 1 0 1 1 1 1 1 1 1 0 0 1 1 1 1 2 2 1 1 2 2 2 1 1 2 1 2 2 1 1 3 2 1 1 2 2 2 2 2 2 1 1 2 4 3 3 2 2 2 2 1 0 2 3 2 1 2 2 1 2 2 2 2 1 0 0 
0 0 0 0 0 0 0 0 3 2 2 1 0 1 3 4 4 5 4 1 2 3 3 3 3 0 1 3 3 2 2 1 1 1 0 1 1 2 2 2 3 1 2 2 5 4 2 0 0 1 0 2 1 1 2 1 1 1 2 2 2 2 2 1 2 2 2 1 2 2 2 2 3 2 2 2 2 1 2 2 1 2 2 1 0 0 0 2 1 3 2 3 2 2 2 1 0 1 2 2 3 3 2 1 1 3 3 2 1 2 3 2 3 4 5 5 4 2 1 0 1 0 3 4 4 2 1 1 0 0 1 2 2 2 2 0 0 1 1 2 2 2 2 2 1 2 2 2 1 2 1 1 1 2 1 1 2 2 1 1 1 1 1 2 1 0 1 2 2 2 2 2 1 0 1 2 2 1 1 2 2 1 1 1 1 1 1 2 2 1 1 0 
0 0 0 0 0 0 0 0 3 2 2 2 3 2 4 4 6 6 6 4 4 3 3 3 4 1 1 4 2 4 3 3 0 0 0 1 3 3 1 3 2 1 2 3 5 2 1 2 1 0 2 2 2 2 3 3 1 1 2 1 1 1 1 2 3 3 3 2 1 2 2 3 3 2 2 3 3 2 1 0 1 1 1 3 2 0 1 2 3 2 2 2 1 2 5 5 3 0 0 0 1 2 3 2 2 2 2 2 1 0 1 2 2 2 4 5 4 4 2 0 1 2 3 3 4 3 1 0 1 1 2 2 2 2 1 1 1 1 2 3 3 3 1 2 1 1 3 3 2 1 0 1 1 2 1 1 1 1 1 1 1 2 1 1 1 2 2 2 1 2 2 2 2 1 0 1 2 3 2 1 1 1 1 1 1 2 1 1 0 0 2 0 
0 0 0 0 0 0 0 0 4 3 3 5 5 4 5 3 6 6 3 2 2 1 3 3 1 1 2 3 4 3 3 3 1 0 3 4 3 1 1 1 1 2 1 1 3 2 0 1 1 3 2 3 4 4 2 3 2 2 2 2 2 1 0 2 3 3 2 1 1 2 3 3 2 2 3 3 1 1 2 2 2 2 2 1 1 2 3 4 4 5 5 3 1 2 4 5 3 2 2 1 1 2 2 1 0 0 2 5 4 1 2 2 3 2 1 0 0 1 2 2 2 3 4 3 2 2 1 1 2 1 2 3 2 0 1 2 2 3 4 4 3 2 1 1 2 2 3 3 1 2 2 2 2 2 2 2 2 2 2 2 3 2 1 1 1 1 2 3 3 2 1 2 2 1 1 1 2 3 2 1 1 0 0 2 2 2 2 1 0 0 0 0 
0 0 0 0 0 0 0 0 3 1 3 6 4 5 6 3 3 4 2 1 2 1 1 1 0 1 2 2 3 2 4 5 4 3 2 2 1 2 1 0 1 2 2 1 1 1 1 1 3 3 2 3 4 3 1 1 3 2 1 1 1 1 1 1 2 3 2 1 1 2 3 2 2 2 1 1 1 2 2 1 1 2 4 5 5 3 3 5 5 5 3 3 3 2 1 2 2 2 2 2 3 2 1 1 1 3 3 3 3 3 2 0 3 2 4 5 4 2 1 4 4 2 2 4 5 4 3 2 2 1 0 0 1 2 1 1 1 1 2 2 2 2 2 2 2 3 2 1 1 2 3 1 1 2 1 0 1 3 3 2 3 3 1 1 1 2 3 3 3 2 2 3 2 1 2 2 2 2 2 1 1 1 1 1 2 3 3 2 1 1 3 0 
0 0 0 0 0 0 0 2 1 2 4 5 3 6 4 2 3 4 1 3 3 1 1 1 1 3 2 0 2 4 4 4 3 2 0 1 2 1 1 1 1 2 2 1 2 1 1 2 1 1 2 1 1 1 2 3 3 1 1 4 4 3 3 2 2 3 4 3 1 1 2 3 3 2 1 3 4 3 3 2 1 0 1 5 7 8 7 7 5 2 1 4 4 3 3 2 2 1 1 1 2 4 4 1 3 3 3 2 2 2 1 2 2 1 2 3 3 1 1 4 6 5 2 2 3 4 5 4 3 2 2 2 1 1 1 2 2 1 0 0 1 3 3 2 2 2 2 2 3 4 3 1 2 3 1 0 1 2 3 3 2 1 1 1 1 2 2 2 1 1 1 2 3 2 1 1 1 1 2 3 3 2 2 1 1 2 2 1 0 1 3 0 
0 0 0 0 0 0 0 4 2 4 4 5 1 2 5 5 3 6 5 4 3 2 3 2 3 3 4 1 3 2 1 1 3 3 2 1 2 1 1 0 3 2 2 4 4 2 2 1 2 2 2 2 1 0 4 5 2 0 3 3 2 1 3 3 1 2 3 3 2 1 0 3 3 2 2 3 3 2 2 3 3 3 5 4 5 9 10 8 6 6 7 6 4 4 5 5 6 6 3 3 4 5 7 2 5 4 3 1 0 1 2 2 2 2 2 2 2 1 1 1 2 2 3 4 5 4 3 1 0 1 3 3 3 2 1 0 1 2 2 2 2 1 1 1 1 2 1 2 3 2 1 1 3 3 2 1 2 2 2 2 2 2 2 2 2 2 1 1 2 1 1 1 2 2 0 0 1 2 3 3 3 1 1 0 0 1 2 2 1 1 1 0 
0 0 0 0 0 0 0 0 4 3 4 2 2 3 4 5 2 0 4 3 2 2 3 4 3 2 1 1 3 2 2 4 2 2 4 1 2 2 2 2 3 2 3 3 3 2 3 3 1 1 2 2 2 2 4 3 1 1 3 2 1 1 2 2 4 3 2 3 3 1 2 2 1 2 2 1 2 4 3 5 7 10 11 10 10 11 12 11 11 11 13 15 14 10 7 7 8 7 7 9 6 1 4 3 4 4 4 2 1 1 2 1 2 2 3 3 2 2 3 2 4 4 2 4 5 4 1 1 4 4 2 1 3 4 3 1 1 3 4 3 2 1 1 1 2 3 4 3 3 2 1 1 2 2 1 1 1 3 2 2 2 3 2 1 1 2 1 1 2 2 2 2 1 1 1 1 0 2 3 2 0 1 2 1 1 1 2 4 4 2 0 0 
0 0 0 0 0 0 0 4 8 3 3 4 2 2 0 2 3 3 2 2 6 4 2 4 4 2 4 5 3 3 2 2 2 3 6 4 3 3 2 2 1 1 2 3 3 2 2 3 3 2 0 1 2 2 1 0 1 2 2 2 1 0 1 2 2 2 0 2 3 2 3 3 3 4 5 5 6 8 5 4 6 11 17 27 37 43 50 60 67 65 59 53 48 41 30 15 8 11 13 11 4 0 3 5 1 3 5 5 4 2 1 2 1 0 3 6 4 3 3 4 4 4 2 4 3 2 1 3 5 3 2 1 2 2 1 1 1 2 3 3 3 2 2 2 2 3 5 4 3 2 1 1 2 3 2 1 1 3 3 3 2 1 0 1 1 1 1 1 1 0 2 4 3 1 1 1 1 2 2 1 2 3 2 1 1 1 0 2 4 3 1 0 
0 0 0 0 0 0 0 4 7 1 4 6 1 0 3 4 3 1 1 4 4 3 3 4 2 1 5 4 2 4 3 5 3 2 2 5 4 1 4 3 2 1 2 3 3 2 3 5 3 1 1 3 4 3 1 1 2 2 2 1 1 1 2 2 1 1 0 2 4 1 4 7 7 3 8 11 9 11 14 22 35 59 95 138 175 202 226 244 250 243 229 210 189 169 146 117 89 65 39 16 4 6 11 10 3 6 5 4 5 5 4 3 2 0 3 7 7 4 1 2 3 4 3 2 1 0 1 4 4 4 3 2 1 1 2 2 2 2 2 4 4 4 4 2 1 1 3 3 2 2 1 2 3 3 3 2 2 3 4 3 1 0 0 0 2 2 2 3 4 4 2 3 3 2 3 2 2 1 2 2 2 2 2 1 2 3 1 0 3 4 4 0 
0 0 0 0 0 0 0 3 2 0 3 4 4 4 2 1 1 0 1 3 2 3 2 3 3 4 4 2 2 5 4 3 3 1 4 6 3 2 6 6 5 3 2 2 3 2 2 1 1 1 2 2 3 4 3 2 3 3 3 2 3 2 4 1 2 5 1 3 4 4 3 8 10 8 12 17 23 45 83 130 187 254 326 391 442 483 515 536 542 532 507 476 445 411 366 317 269 217 159 112 84 63 34 9 13 9 3 1 3 6 4 1 4 2 3 4 4 3 1 3 5 5 2 1 2 2 2 3 5 4 3 2 2 3 5 5 2 2 3 4 5 4 3 2 3 3 2 2 2 2 1 2 2 2 1 0 2 3 2 2 1 1 1 1 2 1 2 4 5 4 2 2 3 3 2 0 1 1 1 1 2 3 2 1 1 2 1 1 3 3 3 0 
0 0 0 0 0 0 0 3 0 1 1 6 6 6 3 3 4 3 3 4 6 4 1 2 3 5 4 2 2 2 4 4 5 5 1 2 3 2 3 4 4 2 1 1 1 2 5 5 4 4 5 3 2 3 2 1 4 3 2 3 4 2 2 3 3 3 4 3 2 6 10 6 16 43 52 63 109 186 274 366 461 545 599 628 647 664 671 672 673 670 658 642 628 611 581 543 507 464 399 318 241 178 129 92 63 35 17 10 7 6 5 4 3 2 2 1 2 3 5 5 5 4 3 3 4 4 3 3 3 1 2 3 3 3 4 3 2 2 3 2 2 2 1 2 5 6 5 3 3 4 2 1 3 4 3 1 1 1 1 3 3 1 1 2 3 3 2 3 2 2 3 4 3 2 2 2 3 3 3 2 2 3 3 1 1 1 1 1 2 2 1 0 
0 0 0 0 0 0 0 3 4 4 2 5 3 3 3 1 1 1 4 4 3 1 2 2 1 4 3 2 5 3 2 5 6 3 2 6 5 3 1 2 4 4 1 2 2 1 2 3 5 6 3 2 2 4 2 3 3 1 1 2 2 2 2 2 2 2 6 7 5 4 20 45 59 55 70 153 285 422 532 616 683 718 705 671 646 631 612 596 590 589 587 589 597 601 591 569 560 570 574 545 483 407 331 257 185 128 93 66 38 16 8 11 8 2 1 2 4 6 4 3 7 5 4 4 3 3 3 4 6 4 2 3 3 1 1 1 3 3 2 1 0 1 1 3 4 5 4 3 3 2 1 1 1 2 3 2 3 2 1 1 3 3 1 0 2 2 1 0 1 3 4 4 4 3 3 3 2 4 5 4 2 2 2 1 2 3 3 2 3 4 3 0 
0 0 0 0 0 0 0 5 7 6 6 0 4 5 2 3 5 3 2 4 1 1 2 2 2 3 3 8 10 2 3 6 4 1 2 4 5 4 1 2 5 3 1 2 3 1 2 3 3 2 3 2 0 1 1 2 3 0 0 3 1 2 1 2 7 6 6 19 29 44 59 50 24 43 123 278 454 595 675 715 726 698 643 598 570 548 529 514 500 486 477 480 487 487 473 447 435 461 520 571 588 574 541 493 426 339 249 172 115 72 41 20 6 0 2 6 5 4 4 1 1 2 2 3 3 2 1 2 6 5 3 3 3 4 4 4 6 6 4 3 3 3 2 1 2 3 3 2 2 3 4 4 2 2 3 4 3 4 2 2 4 5 4 3 3 5 4 1 0 2 4 4 3 2 4 4 2 3 4 3 2 2 1 1 3 3 2 2 2 2 1 0 
0 0 0 0 0 0 0 4 7 8 7 4 3 0 0 3 7 5 2 4 3 2 1 2 3 4 4 5 7 3 3 3 5 5 4 3 5 3 1 3 2 2 3 3 2 1 4 6 5 4 4 2 1 5 4 3 3 2 3 3 4 6 5 5 12 24 35 43 40 40 43 59 65 101 241 419 578 681 712 689 646 610 585 568 553 540 527 512 492 471 455 447 436 416 389 356 332 337 378 436 493 535 562 580 584 553 477 382 289 207 135 80 45 26 14 1 4 6 4 4 8 12 8 8 9 5 3 6 4 2 1 2 3 4 5 4 4 5 6 6 6 6 5 3 3 2 2 2 2 1 2 4 5 4 3 3 2 2 1 2 4 4 3 3 3 5 6 4 2 2 3 4 3 3 4 6 2 1 2 3 2 2 2 1 1 2 1 1 2 3 3 0 
0 0 0 0 0 0 0 5 7 4 1 1 7 5 3 4 5 3 1 3 7 4 2 4 5 3 4 3 2 3 3 4 6 3 2 3 4 3 1 1 2 4 5 4 3 4 6 7 5 4 5 6 8 8 4 5 7 11 11 7 13 11 14 18 32 53 53 41 45 64 85 94 108 212 389 565 674 692 655 616 592 579 568 553 539 535 533 517 490 463 447 437 423 401 371 339 314 304 311 333 369 411 454 500 548 584 594 568 506 417 315 217 139 86 58 36 21 9 2 2 4 8 10 10 11 8 5 10 11 6 2 1 2 4 4 4 4 3 3 4 5 6 7 6 3 1 1 4 8 7 3 3 4 3 2 1 3 2 3 3 3 3 3 4 3 2 4 5 4 2 1 3 6 4 2 3 1 1 2 3 3 2 3 3 3 2 1 2 0 2 1 0 
0 0 0 0 0 0 0 6 7 4 5 5 10 4 3 6 6 3 4 5 4 5 5 6 5 3 4 3 3 5 5 4 3 3 2 1 1 3 2 3 2 3 5 4 3 3 4 5 4 5 6 7 6 5 6 5 9 11 6 20 23 15 31 49 59 55 49 59 91 127 131 100 156 340 533 655 674 635 605 593 582 574 568 554 544 545 541 518 490 472 460 444 426 407 380 342 311 302 314 326 336 353 380 407 434 472 530 587 607 574 500 407 309 213 139 94 65 40 21 12 13 16 12 4 5 6 5 9 13 10 5 2 2 4 4 5 6 4 5 6 5 5 4 3 2 0 1 4 6 4 2 2 3 3 2 2 4 3 5 4 1 2 4 6 5 4 4 4 3 2 1 2 4 4 1 0 1 1 3 4 4 4 4 2 2 3 2 2 1 1 0 0 
0 0 0 0 0 0 0 6 5 6 6 3 4 4 7 2 4 3 8 5 3 8 7 7 5 3 1 2 4 3 4 3 0 1 0 0 3 4 2 4 4 5 4 2 2 2 4 3 6 4 4 3 2 3 6 11 8 10 11 12 28 50 64 59 50 60 97 132 153 153 121 128 264 456 603 655 638 613 602 592 582 580 576 558 544 540 525 494 472 466 457 434 404 383 372 358 336 324 333 345 348 352 365 382 392 395 417 473 538 578 582 552 491 397 289 205 148 106 71 46 36 32 25 14 6 3 1 3 9 6 8 9 8 6 3 4 5 4 4 5 4 4 3 1 1 2 3 3 1 0 1 1 2 2 2 3 3 2 4 5 3 2 4 5 6 6 6 4 2 3 4 3 3 3 4 2 1 2 4 4 3 3 3 3 4 4 3 3 1 1 1 0 
0 0 0 0 0 0 0 5 4 3 4 7 1 6 9 3 2 2 6 6 9 7 5 6 4 3 0 3 4 7 4 2 0 2 1 3 1 2 2 3 1 4 4 4 5 3 4 4 3 2 2 4 3 2 3 3 8 7 17 49 63 58 51 51 86 136 168 187 191 162 153 246 396 529 611 633 622 607 595 586 572 553 542 528 492 438 390 359 354 379 419 435 410 372 355 348 332 325 346 374 386 384 383 389 397 395 386 388 424 482 539 575 579 546 478 387 291 211 152 108 75 58 50 41 26 13 6 3 8 4 6 10 10 6 1 1 1 2 4 4 3 5 3 4 3 4 4 2 3 3 2 1 1 1 2 2 2 1 2 4 5 4 3 2 2 3 4 4 4 3 3 4 6 2 1 0 2 2 3 3 3 2 2 3 6 6 3 2 1 2 2 0 
0 0 0 0 0 0 4 4 3 5 6 3 1 1 4 8 10 8 3 7 11 6 2 1 3 6 0 1 5 6 6 4 2 0 1 2 2 3 4 2 1 3 6 8 6 1 2 8 5 2 3 6 3 3 4 1 6 28 52 53 44 43 75 131 171 189 210 238 220 184 261 377 465 553 616 625 600 574 559 547 534 533 531 484 393 312 266 242 232 255 323 402 432 405 383 400 401 345 297 313 370 417 428 414 397 395 405 401 394 410 455 512 560 591 594 560 482 379 284 212 160 119 93 77 62 44 28 18 19 17 9 6 6 4 3 3 3 4 7 6 3 6 3 9 6 3 2 3 7 6 2 2 3 4 3 4 4 4 2 1 1 1 2 1 6 8 5 4 3 3 4 4 4 4 4 2 2 3 4 3 2 2 3 3 4 2 1 3 2 1 1 0 
0 0 0 0 0 0 5 3 3 2 11 6 0 2 2 7 9 6 4 6 10 8 1 2 6 5 2 2 4 3 6 6 1 0 3 2 2 4 7 6 2 2 5 5 5 2 1 5 5 2 2 3 3 4 7 15 34 53 34 30 55 101 163 207 227 252 287 283 202 207 345 409 466 561 625 616 576 549 536 528 533 539 500 406 320 291 292 282 241 216 279 425 550 574 539 525 524 480 416 381 364 348 359 405 445 440 412 416 441 451 440 445 498 580 639 653 629 571 487 391 301 234 192 156 118 84 61 51 46 44 42 37 29 23 22 27 26 17 7 4 9 11 11 8 4 4 5 4 2 4 4 4 5 3 0 1 4 3 4 3 2 4 4 4 6 7 5 3 2 2 2 3 4 4 5 3 3 3 3 2 2 3 4 4 3 1 2 3 2 1 1 0 
0 0 0 0 0 0 5 3 4 0 4 6 6 4 8 8 3 7 9 5 9 10 4 6 6 1 4 4 2 0 3 4 2 2 3 1 2 3 6 4 1 2 4 3 2 2 2 1 2 3 1 0 4 12 30 44 46 46 53 92 121 155 216 275 299 299 276 200 158 263 368 421 493 574 613 607 586 569 560 560 556 529 471 402 380 414 456 453 380 282 280 440 661 783 781 749 733 680 583 510 480 455 407 386 433 491 493 460 445 452 463 468 477 505 555 621 676 696 675 612 515 412 339 290 238 180 131 106 96 93 98 102 98 91 89 93 90 81 68 54 42 30 16 7 11 14 7 2 9 7 4 2 5 7 4 3 6 4 3 3 3 3 3 5 4 3 3 4 3 2 2 4 4 3 3 3 2 2 1 1 2 2 4 5 6 5 3 3 2 2 3 0 
0 0 0 0 0 0 7 3 12 5 5 8 9 11 9 7 6 8 10 4 7 10 9 8 3 1 3 4 1 1 4 3 3 2 1 1 0 4 6 2 0 0 1 0 1 2 4 5 6 7 6 6 20 40 51 37 40 56 90 134 174 224 283 310 300 273 199 165 282 412 475 508 542 569 583 588 593 597 592 570 556 572 575 540 537 589 629 621 560 441 359 450 677 851 872 815 762 702 634 606 625 644 617 563 529 523 532 530 505 474 456 462 482 492 495 529 611 705 767 769 705 598 497 431 381 325 262 212 189 190 204 215 217 219 227 233 229 218 204 183 154 121 89 57 29 9 2 7 6 3 6 2 4 9 7 5 6 8 5 3 4 3 2 2 3 2 2 4 4 3 3 4 4 3 2 2 2 2 2 2 2 2 2 5 6 5 2 2 3 2 1 0 
0 0 0 0 0 0 4 1 5 0 1 5 9 8 1 1 2 3 6 1 3 6 8 7 4 2 3 7 3 3 7 2 2 3 3 5 6 8 7 2 0 4 3 5 7 1 0 3 6 7 10 24 49 53 41 45 84 128 168 187 200 228 258 255 215 192 246 367 479 522 528 536 549 564 574 576 583 591 585 591 660 742 721 626 607 677 714 706 687 618 517 515 648 775 780 715 681 686 694 708 731 757 777 773 729 659 593 546 525 516 501 485 478 481 488 505 552 636 741 826 840 765 651 570 522 476 414 357 329 331 350 374 395 411 423 427 422 411 400 384 356 312 256 195 134 78 36 11 0 3 5 3 3 5 7 6 4 6 4 4 4 3 3 2 4 3 2 3 4 3 2 2 2 2 2 2 3 5 6 4 3 2 3 4 3 1 0 3 3 1 2 0 
0 0 0 0 0 0 2 5 9 7 5 13 7 2 3 2 2 6 8 6 5 4 6 6 5 1 2 5 5 4 4 3 3 2 4 7 4 8 8 0 1 6 4 5 5 2 5 4 10 13 25 41 48 46 58 109 162 203 223 227 222 198 172 182 240 337 443 520 547 547 546 554 564 571 575 581 588 587 595 634 690 710 657 567 540 623 713 734 722 705 670 651 689 743 748 726 740 782 795 782 777 794 829 867 879 837 737 626 561 540 532 519 505 501 504 514 542 596 675 768 840 841 766 685 636 600 553 504 481 486 503 534 572 601 610 609 608 610 608 596 568 523 468 406 335 252 161 79 25 7 1 0 3 5 6 8 9 9 8 7 4 1 3 4 2 3 2 2 3 3 2 1 1 2 2 1 3 5 7 5 3 2 2 3 3 2 4 4 2 1 3 0 
0 0 0 0 0 0 7 12 9 2 8 7 4 5 5 5 3 4 5 9 7 4 7 7 5 4 4 4 5 4 5 4 2 3 8 5 2 7 9 5 4 4 5 6 3 3 8 12 30 43 41 37 45 92 141 173 206 218 206 199 200 202 233 309 411 506 558 566 552 544 550 560 567 574 584 589 586 588 617 653 661 641 603 540 501 564 677 734 759 806 847 842 821 829 853 854 832 807 778 757 772 823 877 909 923 923 893 815 715 624 555 518 518 537 535 527 552 596 632 672 736 795 791 738 690 661 639 620 619 630 632 646 682 722 740 740 745 756 758 747 722 687 645 601 552 480 374 246 130 57 24 13 15 17 13 12 13 15 11 8 7 8 5 1 0 1 2 3 3 2 1 1 1 2 3 1 1 3 4 3 1 1 3 2 1 2 3 4 3 2 1 0 
0 0 0 0 0 0 5 9 10 3 12 14 1 2 10 12 11 3 3 8 5 8 6 3 5 7 8 5 6 7 8 5 4 4 4 3 3 8 11 7 4 8 9 4 5 9 14 37 59 47 32 65 127 173 193 194 190 184 182 194 236 317 421 506 545 556 560 556 544 538 547 558 566 578 588 596 615 644 654 638 613 590 561 531 530 576 645 714 790 855 892 889 866 852 845 837 833 836 823 789 784 828 889 931 954 968 961 928 893 834 704 546 468 505 563 569 565 589 617 630 649 696 733 720 680 650 651 677 714 734 724 713 731 772 806 817 821 826 824 814 798 777 749 723 705 674 599 473 326 202 119 74 61 60 56 44 36 36 27 17 17 19 11 0 4 2 5 7 7 5 3 1 1 2 1 1 2 4 4 3 2 3 4 2 0 2 3 1 1 3 4 0 
0 0 0 0 0 0 5 5 6 9 11 5 3 2 6 4 9 5 0 4 5 8 5 3 1 4 3 3 6 7 5 5 7 4 1 1 4 8 8 4 2 2 3 5 5 16 36 50 33 34 92 143 172 175 163 158 155 172 227 313 407 485 537 560 557 540 531 538 540 534 537 554 569 576 586 618 661 672 638 604 599 589 564 565 603 632 648 711 809 881 914 914 891 868 864 871 874 866 841 813 826 885 935 942 935 961 999 991 959 939 875 715 526 448 512 592 614 614 620 627 628 641 674 681 647 610 613 662 727 771 782 772 770 791 822 838 840 843 842 828 807 794 798 800 795 779 746 680 573 431 292 200 166 164 162 155 153 146 123 82 40 16 12 9 7 7 6 3 4 7 5 5 1 2 1 2 5 7 4 1 4 6 5 3 2 3 1 1 4 6 6 0 
0 0 0 0 0 0 2 11 6 9 9 9 7 11 5 7 14 5 3 6 4 6 5 5 1 3 1 1 6 6 4 5 5 3 3 2 3 8 9 1 2 2 7 7 25 48 46 31 63 131 170 156 136 145 176 210 242 294 376 451 504 540 553 542 521 509 516 532 534 526 535 564 585 589 601 635 659 641 602 585 596 595 581 602 651 662 643 687 792 874 915 923 908 890 885 891 897 901 888 857 854 901 956 976 968 970 994 1012 1001 972 913 788 609 475 486 604 678 672 641 625 620 622 643 658 635 591 572 605 678 763 814 815 793 785 801 819 826 830 824 807 790 790 803 818 831 832 815 787 754 685 557 423 339 309 300 294 302 305 274 211 145 96 60 25 6 9 5 2 3 4 6 7 4 4 4 4 6 7 5 2 2 4 3 1 3 3 2 3 5 4 2 0 
0 0 0 0 0 0 11 9 6 7 1 7 9 12 13 11 12 9 10 9 4 3 0 2 3 6 6 1 5 6 6 8 7 5 5 3 3 7 5 1 2 2 12 36 46 22 43 76 107 142 151 146 177 242 322 381 411 438 473 506 523 522 514 506 507 518 528 523 514 518 541 572 591 598 610 622 618 600 585 587 598 599 597 636 711 732 676 674 780 882 923 934 940 940 937 944 951 938 907 883 904 961 1004 1010 996 993 1002 1002 979 952 927 848 680 502 473 623 762 775 710 649 625 621 635 652 646 616 579 565 605 713 832 879 847 795 779 795 805 809 804 794 787 791 797 799 814 837 848 840 835 839 800 698 573 477 432 426 433 425 385 325 270 226 174 108 52 21 4 6 11 7 2 4 3 6 7 3 3 6 5 2 0 1 3 1 2 3 3 5 5 3 1 0 
0 0 0 0 0 0 14 13 17 8 6 4 4 11 9 7 10 6 10 12 8 6 4 4 9 9 7 3 3 4 5 7 9 7 6 4 2 6 5 4 9 23 41 39 26 65 99 104 103 142 205 283 362 412 431 441 459 487 514 523 511 500 504 510 516 527 528 516 513 527 542 555 569 579 593 607 611 605 598 600 611 616 619 676 798 856 776 712 788 890 928 942 966 982 984 991 997 972 925 908 941 989 1015 1015 1008 1009 1017 1011 966 915 901 864 719 517 451 612 804 855 784 692 639 620 626 645 653 644 614 574 565 647 799 911 911 831 763 762 786 797 793 785 786 793 792 782 792 826 855 854 847 887 944 926 807 647 535 506 510 497 457 408 372 345 303 229 152 91 43 12 8 14 5 3 3 4 5 3 5 5 4 4 3 2 3 3 0 2 3 4 6 6 5 0 
0 0 0 0 0 0 11 9 15 13 9 6 4 6 1 4 8 9 5 9 9 6 8 11 14 10 7 4 7 6 4 3 5 5 3 2 3 5 4 10 35 52 38 42 74 109 95 110 183 283 378 454 501 507 493 490 502 513 513 512 517 518 514 513 515 516 516 513 512 525 548 565 572 584 607 635 659 664 645 626 633 644 651 719 870 964 893 792 819 897 931 947 981 1012 1025 1034 1028 981 920 911 952 987 995 996 1008 1028 1044 1031 965 892 869 843 719 529 453 591 763 811 756 685 644 621 616 629 644 652 644 608 565 593 720 868 928 874 780 741 760 782 784 777 778 786 783 763 756 785 832 848 830 855 966 1059 1015 837 644 548 531 522 496 461 438 428 407 348 268 197 131 62 17 9 7 3 2 3 3 5 7 6 5 8 10 8 4 3 0 2 3 4 5 6 5 0 
0 0 0 0 0 0 16 5 3 13 9 2 4 4 8 12 12 6 5 5 5 2 6 9 4 7 7 4 7 7 4 2 3 2 3 4 10 7 3 27 48 39 49 81 103 96 121 223 341 436 506 532 518 498 494 498 499 506 518 524 526 527 525 516 498 476 470 489 512 528 543 561 573 592 639 697 722 700 666 657 672 681 689 762 915 1019 969 874 876 925 946 962 999 1037 1065 1081 1060 983 901 887 934 971 977 978 999 1032 1049 1022 949 882 851 803 683 536 485 573 669 690 665 639 626 615 610 611 615 630 645 635 593 578 648 779 882 890 814 741 729 748 759 755 752 759 761 737 709 718 769 813 806 798 893 1042 1095 976 761 600 540 532 532 519 499 484 471 433 364 292 232 169 93 33 13 4 0 5 7 3 4 5 6 10 13 13 10 3 2 4 6 7 5 3 3 0 
0 0 0 0 0 0 9 3 11 10 0 2 5 7 11 9 8 1 4 6 6 0 8 7 3 7 9 6 8 4 1 3 5 3 4 6 8 9 14 37 37 56 94 86 98 150 257 379 461 512 537 526 495 475 484 503 506 506 521 531 530 530 523 498 470 450 454 482 509 544 609 657 655 673 736 763 718 670 655 662 687 715 735 803 940 1031 992 915 904 922 942 971 1001 1020 1039 1062 1065 1022 952 893 875 901 941 968 978 987 993 970 915 867 830 761 642 532 507 555 600 617 617 614 611 610 613 600 584 593 624 642 622 594 619 703 805 857 828 753 709 707 717 718 714 718 719 702 672 660 690 742 767 757 792 897 988 965 822 663 577 561 580 590 572 536 505 478 429 361 309 274 227 149 66 19 9 4 7 7 3 5 8 5 3 4 6 6 8 6 3 9 11 6 3 0 
0 0 0 0 0 0 6 3 10 14 15 16 18 18 15 9 10 7 9 9 7 2 3 2 0 6 11 5 8 8 6 9 10 9 7 4 4 27 32 32 52 93 90 96 186 308 411 473 507 519 505 483 473 482 504 529 537 535 539 539 529 525 528 519 493 476 490 516 526 555 627 687 702 712 723 699 653 635 645 666 702 763 844 934 1011 1022 956 891 897 932 961 987 1014 1036 1050 1058 1057 1036 993 930 871 857 888 926 939 935 933 923 885 843 808 745 633 524 500 557 605 609 600 611 633 639 625 601 577 577 603 632 630 605 611 659 735 798 810 766 711 686 689 696 692 678 665 656 647 638 642 670 708 720 725 766 823 834 768 675 619 597 598 610 614 589 543 503 460 396 342 326 321 276 185 97 41 6 13 17 9 4 5 7 9 6 5 11 14 8 6 2 3 3 3 0 
0 0 0 0 0 0 13 14 14 3 23 17 9 12 12 10 9 7 11 7 5 7 11 7 6 8 6 6 7 9 10 10 5 13 15 2 35 81 43 61 84 81 97 210 359 472 522 524 513 496 478 469 478 505 533 550 555 553 552 552 544 539 539 536 530 526 530 538 544 558 587 616 631 638 640 624 601 602 627 678 783 931 1047 1093 1096 1048 933 831 849 914 956 980 1000 1016 1026 1034 1034 1023 1002 963 902 853 850 884 917 925 927 930 893 814 742 690 627 553 522 569 617 616 599 606 635 650 635 608 584 579 593 614 621 613 615 642 688 739 773 766 723 687 674 672 663 648 639 634 631 631 637 653 672 678 670 676 703 721 697 642 608 602 603 600 595 577 538 492 454 399 335 314 347 371 320 220 137 79 35 10 7 6 4 9 6 5 6 7 11 9 12 14 6 4 8 0 
0 0 0 0 0 0 16 19 17 23 21 17 9 5 6 2 4 6 9 1 1 9 13 12 12 10 2 8 7 11 15 6 1 11 10 26 110 126 68 105 86 108 217 380 502 565 574 540 501 486 496 510 523 537 553 560 554 547 554 562 556 548 545 543 540 539 542 548 549 548 556 559 552 556 577 597 613 643 706 828 1003 1152 1203 1197 1196 1136 965 810 815 905 968 989 998 1010 1022 1028 1026 1014 994 965 932 902 885 888 907 929 939 923 867 783 699 643 613 597 600 628 642 628 613 619 637 642 628 618 614 605 591 585 592 601 603 624 673 733 773 772 739 700 668 645 632 633 637 632 623 624 633 639 640 646 652 650 644 643 643 628 605 600 606 601 577 546 515 472 424 373 314 277 299 365 398 342 243 170 120 69 20 3 7 4 3 6 10 3 9 14 14 20 11 9 9 0 
0 0 0 0 0 0 24 11 16 14 9 14 15 6 6 16 5 10 6 6 10 3 6 9 10 9 4 3 7 8 15 13 3 16 22 107 203 114 107 96 110 227 371 494 560 564 540 512 495 507 533 549 555 557 559 559 548 539 546 554 546 537 541 545 534 523 525 529 524 521 527 532 528 525 546 602 674 749 850 993 1135 1210 1210 1201 1229 1232 1126 951 844 865 936 975 989 1003 1011 1008 1007 1017 1012 978 939 913 898 892 896 905 907 887 833 742 654 627 664 708 707 670 633 614 619 638 651 642 623 620 624 615 588 565 570 590 594 599 642 722 790 798 745 689 655 637 620 614 632 647 641 631 632 637 633 630 642 649 635 611 602 611 611 599 593 589 571 538 504 466 412 349 292 244 225 264 344 377 319 244 202 164 99 41 14 3 4 11 6 5 8 15 13 16 13 13 10 0 
0 0 0 0 0 0 1 17 12 6 21 38 21 17 17 10 5 2 9 7 4 4 6 12 15 8 10 19 3 5 6 2 17 33 88 250 261 106 123 101 202 349 462 521 533 503 492 512 525 540 554 550 545 553 558 554 546 541 538 535 529 527 532 532 525 521 512 503 507 518 527 541 552 549 557 606 681 764 861 958 1028 1072 1102 1120 1146 1194 1209 1123 980 888 881 913 957 996 1010 998 988 1001 1009 980 935 908 894 875 850 831 818 790 726 651 642 730 843 867 778 668 618 610 622 644 667 671 649 623 613 610 595 570 561 581 589 582 614 709 810 820 737 661 632 625 607 591 616 653 660 642 630 635 637 630 640 656 646 609 581 593 611 601 586 584 579 550 508 471 419 343 271 220 184 176 224 294 303 258 227 221 199 140 73 28 6 8 3 6 8 9 10 12 14 12 12 0 
0 0 0 0 0 0 20 15 13 7 19 27 28 31 20 13 13 13 16 10 10 10 4 4 11 4 5 13 0 6 5 2 35 76 222 386 262 124 104 179 334 456 524 536 509 486 502 537 554 555 557 556 551 557 573 574 559 551 547 534 526 533 537 530 525 529 530 528 536 559 583 594 594 594 592 593 617 676 751 820 884 951 1013 1046 1033 1006 1018 1057 1053 972 880 843 867 911 940 947 949 957 958 934 898 864 825 774 725 695 676 643 596 602 712 883 985 930 771 650 620 621 622 636 669 690 665 620 600 607 609 590 571 580 587 586 616 698 782 790 721 654 622 609 593 578 593 633 657 649 628 622 628 630 643 664 658 614 572 581 616 621 600 587 582 561 517 473 428 356 272 212 179 153 140 163 197 199 185 196 223 227 183 104 35 5 1 5 9 9 10 15 15 10 9 0 
0 0 0 0 0 0 13 7 8 11 12 23 29 26 25 27 20 21 15 9 4 9 5 1 5 4 5 5 7 9 4 31 70 173 413 480 250 130 139 316 489 576 592 577 553 544 550 559 559 550 554 565 558 555 578 588 572 561 560 556 561 568 563 555 551 544 538 546 556 568 582 590 589 588 582 584 615 676 749 834 915 975 1025 1052 998 866 768 781 865 930 913 823 737 708 725 766 814 843 832 791 742 687 628 582 558 549 548 556 590 672 785 875 884 809 705 639 619 613 613 627 652 665 641 606 598 608 612 604 598 596 592 607 647 683 693 692 700 688 650 611 594 587 579 601 640 654 634 612 612 619 636 659 657 616 567 570 622 649 623 582 565 557 525 474 430 377 302 229 184 159 124 89 92 113 116 121 156 211 241 208 133 59 10 4 12 20 17 21 18 10 8 0 
0 0 0 0 0 0 17 3 6 11 12 10 40 41 23 27 31 27 18 17 11 9 13 15 12 13 9 17 14 7 18 51 108 335 584 477 209 148 269 458 570 597 583 561 545 553 575 583 572 572 592 596 570 563 592 598 574 563 568 566 568 570 556 539 536 536 535 544 553 563 577 583 586 611 636 629 622 647 696 766 858 942 995 1011 972 871 758 708 732 805 867 846 746 640 590 584 572 541 511 488 469 468 486 500 510 536 586 634 662 675 676 672 667 655 635 611 599 600 603 606 622 650 653 623 600 599 607 612 617 609 590 614 676 698 637 585 650 710 691 630 599 604 593 591 623 653 652 629 616 614 617 626 633 623 591 563 584 631 636 591 549 542 533 482 425 377 324 265 222 196 157 93 57 80 102 97 91 120 178 237 258 213 108 16 9 13 17 18 17 9 9 0 
0 0 0 0 0 0 23 26 16 7 11 20 37 43 26 35 26 17 20 18 11 14 18 11 15 12 7 19 17 28 49 67 195 526 679 405 190 232 409 541 590 577 564 565 558 561 588 611 594 578 603 607 563 555 587 597 585 580 580 579 574 552 526 530 551 551 535 538 557 559 551 557 576 598 613 619 619 617 629 676 751 821 864 871 839 781 740 733 729 743 780 775 680 547 458 425 407 387 387 430 494 542 560 565 574 586 594 596 598 599 594 589 586 589 596 605 606 596 587 591 611 638 647 629 606 597 604 618 624 608 570 578 656 715 653 519 529 638 702 672 613 598 601 595 601 621 636 634 626 620 616 621 636 650 636 590 555 574 607 604 572 549 532 481 418 368 323 280 242 200 143 90 64 77 127 148 122 103 132 187 243 273 243 150 46 25 14 20 23 26 26 0 
0 0 0 0 0 0 8 15 20 18 9 24 14 23 20 23 30 24 26 17 5 16 18 13 18 13 13 6 12 30 44 108 364 708 711 362 196 326 511 579 569 544 536 543 567 590 607 615 602 599 612 596 575 581 576 564 570 574 568 559 546 543 562 568 546 531 531 533 532 533 550 577 590 592 605 617 606 584 580 608 658 698 707 697 681 667 680 734 808 875 936 964 899 748 599 520 496 481 471 495 538 568 576 580 588 596 596 590 583 575 557 534 527 542 566 575 572 573 577 581 589 608 630 629 612 605 614 622 614 596 574 575 626 685 662 522 427 504 642 702 661 604 589 586 586 594 609 619 623 625 620 618 636 663 663 616 563 557 576 581 570 560 544 491 423 364 304 242 185 137 98 88 99 96 81 99 125 144 168 191 201 206 232 243 181 80 22 22 20 17 22 0 
0 0 0 0 0 0 12 9 10 25 39 24 7 33 40 23 32 35 29 20 15 26 24 11 2 15 22 19 16 40 64 222 569 854 671 294 245 439 560 574 544 533 544 551 574 601 610 612 609 601 600 592 589 592 568 535 536 556 565 561 544 544 561 552 527 525 531 525 525 540 561 581 592 594 593 585 571 564 562 564 568 569 567 576 580 553 540 607 717 802 883 963 972 890 791 736 716 696 675 662 648 630 610 594 585 578 570 562 556 550 541 534 535 544 557 565 563 552 543 550 576 606 622 621 615 614 617 614 602 585 566 564 602 663 673 565 401 353 458 599 652 624 589 581 584 591 601 612 613 613 618 623 631 643 646 618 576 559 563 566 558 544 517 467 412 362 302 219 130 79 101 167 207 205 183 169 154 148 166 194 204 181 162 193 234 196 102 24 8 12 12 0 
0 0 0 0 0 0 43 22 33 34 40 63 39 35 49 47 47 43 48 44 32 23 24 20 10 12 16 10 36 57 125 382 760 899 592 286 348 552 580 536 520 517 526 544 576 607 607 587 576 578 583 589 589 578 567 559 554 551 553 562 552 525 515 525 526 517 516 521 533 554 571 575 571 566 558 548 546 550 554 554 544 528 515 512 501 460 427 453 515 577 659 746 777 746 715 722 736 726 700 685 685 684 663 623 584 560 548 545 545 543 545 554 561 556 548 558 569 555 527 522 554 600 625 629 630 628 618 603 591 577 556 556 598 656 673 604 458 308 270 366 512 596 600 585 585 596 606 609 602 597 614 628 624 616 622 623 592 564 559 564 557 538 506 455 397 348 294 211 116 87 170 274 300 285 285 272 225 177 165 177 187 178 145 131 175 226 209 122 43 19 8 0 
0 0 0 0 0 0 18 23 20 43 65 81 66 64 54 51 54 36 33 33 28 10 11 17 4 7 8 16 36 45 198 545 889 871 523 354 467 566 541 509 503 509 515 530 564 596 602 578 566 583 594 596 594 581 571 577 579 568 558 562 547 503 493 527 533 511 517 537 536 538 556 556 535 526 532 536 537 543 552 554 544 529 520 517 496 451 409 393 396 419 472 527 538 516 514 553 599 612 593 584 605 640 657 638 596 561 551 556 560 559 559 564 565 555 544 549 567 575 559 534 532 568 616 636 634 626 617 603 588 576 554 556 601 656 664 616 529 378 204 147 274 464 580 606 603 602 602 600 597 597 608 619 615 607 615 630 612 577 558 556 560 561 538 471 383 322 271 194 122 142 263 343 314 271 279 296 271 222 189 176 169 166 159 134 134 182 243 241 142 49 18 0 
0 0 0 0 0 0 29 10 46 10 63 125 100 87 63 62 48 28 34 32 28 8 9 3 5 12 14 38 33 60 290 688 978 832 482 436 575 571 495 487 510 520 523 552 577 581 601 615 609 609 608 600 593 587 581 572 574 575 558 547 543 519 510 532 535 515 521 544 544 530 529 529 519 518 531 540 540 544 552 553 544 531 533 556 558 513 456 425 402 382 388 415 429 427 437 476 528 563 566 549 536 549 580 604 600 576 558 552 551 560 570 572 569 570 572 566 566 589 607 588 550 545 582 607 600 592 597 602 596 579 548 540 593 665 676 603 531 433 253 81 72 260 485 616 644 617 591 588 601 605 599 599 605 609 610 619 623 604 567 541 549 573 550 455 354 301 253 171 118 183 320 355 277 232 248 270 256 217 193 195 196 174 157 157 155 164 216 288 261 125 43 0 
0 0 0 0 0 0 16 17 59 12 48 116 110 89 81 86 57 34 44 21 7 9 11 6 1 15 25 59 26 94 379 810 1017 784 495 508 610 562 492 491 505 516 534 570 591 589 609 637 639 628 607 585 573 576 577 566 559 558 549 543 547 542 534 538 540 526 515 524 539 531 514 512 522 529 534 546 557 559 557 567 576 569 556 555 554 531 495 459 423 396 388 396 404 395 383 406 467 518 522 512 523 528 521 524 545 562 555 540 549 573 582 572 568 586 600 582 564 592 639 647 599 546 553 591 602 586 572 572 571 565 550 551 601 674 684 584 488 445 338 147 21 113 294 507 622 636 603 576 578 595 596 594 601 614 616 618 633 630 587 540 534 545 500 386 306 284 237 144 105 191 307 309 233 213 231 242 229 202 186 194 207 194 168 166 162 174 219 304 353 260 105 0 
0 0 0 0 0 0 0 48 54 25 54 106 109 81 65 65 66 44 46 36 17 2 12 15 10 16 32 38 46 124 440 893 1017 738 531 555 586 534 512 511 501 512 539 569 586 598 622 637 630 619 599 575 560 554 552 558 555 551 563 566 548 535 541 545 537 529 519 508 503 504 510 513 510 516 539 564 578 586 586 575 561 558 561 549 518 487 463 435 411 405 408 417 433 439 428 430 469 512 516 491 485 507 542 564 563 548 537 534 537 541 546 556 570 589 605 605 592 597 632 669 669 623 574 573 600 603 570 545 558 571 556 565 628 694 676 563 461 424 369 209 56 103 129 315 502 593 608 600 587 576 577 588 601 607 606 602 616 632 605 547 517 521 480 355 258 242 215 135 94 170 284 294 223 209 238 246 217 189 192 212 219 202 185 187 192 211 231 305 426 434 251 0 
0 0 0 0 0 0 17 11 4 30 79 128 120 71 73 70 51 45 32 36 21 3 13 16 18 13 47 56 75 168 504 921 988 728 578 590 559 500 523 528 491 508 551 579 595 603 621 632 609 585 579 569 554 540 541 553 562 570 577 567 550 543 536 520 508 508 512 511 505 518 544 548 531 530 553 573 568 550 540 549 574 599 605 578 530 498 482 452 420 422 436 423 401 400 417 434 458 496 522 508 484 485 507 527 534 532 523 516 532 559 568 562 564 584 600 594 592 603 624 655 689 698 657 606 599 606 586 550 548 562 557 593 697 787 746 582 454 389 331 229 105 44 104 162 312 475 561 580 592 594 578 570 582 597 597 595 617 638 614 561 523 502 442 326 228 195 196 165 112 121 211 277 246 217 239 249 216 188 200 216 203 186 195 204 217 263 319 400 505 551 442 0 
0 0 0 0 0 0 25 19 2 15 85 152 138 64 88 81 51 53 38 53 23 15 14 16 6 16 53 61 116 240 558 918 956 737 615 592 542 492 518 538 506 515 556 576 594 597 587 591 583 567 565 559 551 553 560 563 570 572 566 566 567 550 526 510 502 507 524 531 519 515 527 538 534 520 528 569 588 562 548 579 614 644 693 718 652 539 469 444 423 412 413 414 411 412 418 422 436 469 500 498 485 489 509 526 534 534 523 505 508 537 561 562 560 571 580 578 586 601 606 616 656 713 723 672 621 594 576 554 546 558 574 635 768 893 870 659 438 316 258 212 140 51 59 90 146 287 453 542 571 591 594 582 574 574 576 585 620 644 613 551 509 495 459 358 229 164 200 239 194 125 151 238 246 211 213 214 192 188 208 210 187 174 192 198 235 311 370 458 572 649 630 0 
0 0 0 0 0 0 31 6 36 56 74 133 103 32 85 89 50 32 37 40 26 36 16 10 2 32 71 86 194 283 560 907 928 730 637 577 521 506 514 527 527 520 523 545 576 569 546 552 564 572 580 589 601 592 562 560 572 567 561 558 538 523 529 534 528 521 520 527 526 516 515 528 538 533 527 542 565 569 574 609 658 701 761 820 796 668 539 479 456 440 439 457 488 515 511 476 452 470 503 514 523 537 537 526 522 530 526 508 507 526 544 553 559 564 560 560 581 600 590 568 584 658 740 748 682 606 570 563 554 564 635 745 859 925 877 676 408 229 167 159 140 100 41 70 56 109 264 420 522 573 592 589 580 574 568 570 604 640 622 553 489 483 513 471 300 154 189 315 328 207 128 174 213 201 196 192 196 217 230 214 194 187 175 162 221 309 381 474 580 666 736 0 
0 0 0 0 0 0 39 48 33 25 62 125 74 12 89 87 37 51 51 30 27 29 25 18 14 48 49 111 248 304 522 839 898 740 644 571 508 507 519 512 508 501 495 535 585 578 562 558 544 553 577 601 626 615 584 585 580 559 557 560 548 543 546 538 537 544 537 516 508 512 513 514 525 536 540 561 607 641 644 653 698 745 770 777 747 655 548 489 468 465 492 549 612 645 616 533 458 444 481 519 548 566 568 559 548 534 516 512 528 542 544 551 566 569 551 546 568 588 576 539 523 580 708 800 777 683 608 589 599 648 777 912 956 877 722 543 331 152 83 94 101 86 92 73 50 35 76 208 381 507 556 571 580 587 581 568 582 622 630 568 485 484 599 682 555 314 217 309 383 292 146 120 170 183 178 179 202 237 248 223 194 174 149 151 203 261 326 425 529 620 740 0 
0 0 0 0 0 0 21 65 42 45 81 65 33 18 64 52 31 49 49 42 37 11 21 29 49 53 57 157 270 304 477 767 880 758 641 561 505 506 525 512 508 523 531 561 575 558 578 582 552 564 591 598 609 602 583 573 554 545 568 587 569 541 533 539 535 523 514 515 520 522 510 497 497 515 548 599 656 693 705 735 796 818 748 636 564 526 480 446 433 437 474 545 616 630 572 482 410 386 415 466 495 509 552 616 636 580 509 502 529 539 540 556 574 569 552 554 560 556 545 536 530 542 622 764 857 823 717 671 757 898 989 1012 965 828 607 367 180 72 60 76 61 45 56 90 97 58 27 51 119 299 452 536 564 578 593 580 566 600 619 564 490 527 725 939 937 670 356 242 296 299 179 95 138 159 156 176 204 230 244 226 180 135 130 158 182 204 259 364 477 557 663 0 
0 0 0 0 0 0 22 55 77 79 63 64 24 29 54 54 39 28 31 34 28 11 13 23 52 26 110 189 275 294 417 713 883 773 635 556 519 519 536 520 478 500 573 611 602 592 593 569 538 541 572 594 606 610 586 551 549 577 580 554 536 539 541 530 515 512 513 503 487 473 465 469 487 516 553 589 617 637 661 710 783 799 682 516 447 463 453 421 411 416 420 425 440 440 416 387 369 377 400 418 423 418 441 523 617 630 550 494 519 555 560 549 546 551 558 567 573 566 548 531 522 516 523 608 783 948 1018 1024 1065 1136 1120 1030 917 778 585 360 157 64 89 111 68 42 46 55 68 48 18 18 31 46 176 365 521 600 610 571 540 593 644 595 515 574 817 1069 1112 899 542 272 208 235 180 80 109 142 154 198 229 232 230 211 158 113 111 143 157 167 222 339 465 511 560 0 
0 0 0 0 0 0 39 33 81 79 67 68 22 22 61 29 29 26 16 28 32 6 11 25 64 35 165 217 227 252 362 647 893 793 614 550 542 539 534 528 503 499 557 602 595 575 574 556 516 510 535 563 597 603 579 567 580 588 572 543 523 522 532 527 506 497 503 491 460 443 447 461 487 518 541 547 548 554 556 562 595 617 563 471 443 463 451 427 436 454 440 398 359 361 396 413 389 368 370 374 385 397 403 444 535 612 593 510 487 515 540 547 555 571 572 553 543 546 538 513 492 491 486 504 639 881 1106 1200 1187 1158 1102 1001 882 756 596 377 139 70 94 95 57 36 50 55 36 23 20 20 32 12 47 99 245 448 577 599 568 624 708 670 563 597 838 1070 1080 934 692 401 195 151 166 108 54 110 145 173 212 235 213 159 125 119 98 126 156 163 211 335 463 494 504 0 
0 0 0 0 0 0 92 41 22 56 37 38 19 54 56 21 32 45 26 26 51 23 14 35 130 72 207 289 221 176 321 604 898 787 584 542 515 507 522 523 533 527 540 577 551 516 535 510 465 484 512 526 561 588 581 568 551 542 552 544 518 510 512 506 499 498 494 474 452 459 473 469 473 497 516 525 538 539 514 499 510 515 492 466 468 462 413 382 410 427 384 349 359 352 307 310 389 421 375 339 366 387 371 390 501 639 679 603 528 512 520 514 510 537 571 564 542 541 545 519 479 471 489 487 514 660 917 1145 1202 1120 1037 984 915 791 613 398 169 63 72 76 34 26 30 30 18 7 11 21 21 23 14 25 51 142 314 467 567 701 860 866 701 610 787 1046 1058 931 824 658 400 188 136 145 91 74 114 130 134 136 120 125 157 152 140 154 177 209 269 356 451 513 540 0 
0 0 0 0 0 0 123 74 54 73 69 40 16 45 70 32 28 29 14 37 49 30 9 47 193 99 256 346 259 164 292 555 871 797 574 521 518 508 520 522 517 531 544 549 520 468 466 463 424 424 455 479 525 563 572 564 522 491 516 535 520 514 509 495 497 505 483 443 430 451 461 444 454 499 516 508 520 530 501 474 482 499 497 479 467 475 471 426 381 370 370 374 393 390 341 323 409 495 453 366 369 419 429 420 473 592 687 683 606 531 496 491 493 502 520 527 526 535 543 522 479 463 491 499 467 503 703 992 1145 1073 967 929 900 799 628 433 225 64 45 64 29 15 16 20 17 14 17 25 27 34 17 30 4 0 86 187 353 566 846 1000 884 678 707 970 1081 967 861 789 639 411 232 157 127 98 88 93 96 99 111 124 112 99 144 201 224 250 349 453 521 573 614 0 
0 0 0 0 0 0 144 48 82 64 54 37 31 105 66 24 39 18 2 27 43 28 2 82 264 148 313 381 252 162 302 534 837 784 603 534 517 495 488 523 535 534 562 569 525 456 403 354 310 314 341 364 422 471 492 531 541 504 491 505 504 506 514 521 518 488 443 421 429 441 433 419 447 501 514 496 511 527 492 464 498 520 490 471 483 471 439 414 382 343 349 390 399 364 356 432 540 566 480 399 404 439 440 426 445 498 562 644 721 710 607 500 463 477 486 482 483 493 503 498 479 470 492 508 475 460 577 831 1044 1049 952 880 831 751 623 476 294 96 43 66 43 10 12 17 16 21 26 23 25 29 22 20 18 21 19 15 108 229 524 867 972 796 654 816 1061 1056 914 822 758 605 372 195 150 157 136 110 101 106 105 99 100 110 126 154 203 274 377 469 528 562 561 0 
0 0 0 0 0 0 165 14 53 53 38 34 12 36 29 7 12 23 16 18 34 29 30 109 361 250 342 424 244 149 327 504 839 787 632 540 499 529 499 469 514 552 564 551 512 451 381 315 273 260 286 323 375 433 478 520 535 511 491 482 471 479 503 519 510 477 442 418 407 415 428 430 449 496 511 480 467 486 489 475 487 508 497 473 474 494 506 504 487 444 405 390 386 398 462 569 629 571 458 401 408 422 409 399 415 436 445 527 729 881 833 653 516 490 489 462 439 434 448 467 476 472 480 500 495 482 545 737 970 1072 1018 904 791 691 600 520 401 198 69 60 66 16 5 10 13 17 22 18 4 10 20 11 22 39 31 24 23 10 148 489 808 840 654 645 916 1075 984 847 776 675 467 253 163 176 176 154 121 105 92 82 101 135 144 142 179 284 409 494 525 540 528 0 
0 0 0 0 0 0 228 19 41 51 24 9 20 45 30 49 39 13 20 6 17 26 39 128 458 370 333 483 243 161 343 410 838 882 702 551 451 459 485 484 524 544 514 538 560 476 390 354 299 283 338 372 386 435 503 535 516 488 483 479 472 473 470 457 446 431 408 390 402 434 452 453 461 481 484 467 469 488 483 460 465 494 496 471 488 555 583 542 504 510 503 454 423 476 583 645 600 492 416 399 406 413 404 383 379 402 417 436 574 802 940 885 718 588 532 496 464 445 447 463 469 449 438 471 523 573 649 791 979 1113 1108 980 806 662 586 573 545 392 142 30 75 36 11 25 22 17 24 27 16 7 12 16 18 20 26 42 35 41 22 131 432 686 663 547 662 901 968 878 765 654 495 306 183 162 171 166 125 92 78 81 109 144 161 171 199 293 413 493 503 499 490 0 
0 0 0 0 0 0 298 50 16 14 8 7 13 6 35 51 20 22 13 15 17 29 21 146 566 494 319 516 255 147 349 377 813 947 813 619 439 427 485 494 519 556 507 484 531 484 409 392 318 283 358 391 375 404 469 517 517 483 457 447 456 473 459 416 396 402 408 417 436 453 456 455 460 470 476 473 476 483 475 459 454 469 486 478 478 518 537 478 425 483 573 573 528 556 641 652 543 423 392 418 436 430 404 372 355 372 396 391 452 629 816 879 810 725 706 706 678 622 558 500 456 436 443 486 551 634 740 870 1007 1127 1178 1106 920 710 588 592 631 570 372 126 6 63 15 17 14 5 6 14 18 14 13 19 17 9 9 16 24 30 54 37 123 374 583 540 453 590 787 830 723 585 464 336 222 177 178 159 114 88 77 77 100 134 164 193 227 314 420 484 484 479 476 0 
0 0 0 0 0 0 355 62 23 10 14 15 16 18 35 22 11 31 28 15 45 55 33 178 648 639 328 523 241 146 373 374 825 1021 957 857 516 343 410 443 495 536 498 509 549 492 414 392 346 309 345 363 342 364 423 471 481 453 439 448 443 436 430 422 437 467 464 446 455 473 476 460 426 416 460 500 490 471 472 468 450 470 519 510 450 440 473 444 399 467 604 660 635 644 690 657 534 448 431 428 415 402 384 363 367 398 392 373 443 592 724 793 813 807 820 929 1058 1032 833 615 524 537 547 547 566 616 685 748 787 804 842 894 895 801 659 585 646 712 634 395 134 14 38 26 13 9 11 12 8 13 17 8 17 26 16 7 12 38 44 51 44 119 342 528 465 358 457 607 610 495 395 331 257 215 212 170 120 106 100 85 102 153 183 188 228 338 443 484 480 478 470 0 
0 0 0 0 0 0 0 52 10 21 22 10 14 41 39 49 22 27 42 33 59 64 48 220 723 781 325 515 213 131 392 366 751 1008 891 888 713 458 436 501 508 522 525 542 541 462 375 360 352 309 308 317 306 319 361 402 461 516 499 458 465 486 491 490 477 474 478 450 411 407 410 385 358 381 450 491 488 475 470 462 465 513 578 586 535 499 487 457 445 510 615 674 678 681 687 645 549 473 438 402 370 364 369 365 362 376 365 378 523 741 872 889 869 831 789 907 1151 1252 1089 812 639 599 573 552 552 564 577 592 604 592 577 591 648 701 685 606 581 667 753 690 452 174 35 24 14 13 17 10 10 13 14 6 7 12 15 15 5 28 31 23 35 44 94 278 416 385 341 365 415 418 370 316 266 220 195 171 151 147 148 147 183 234 227 194 239 356 444 474 494 505 490 0 
0 0 0 0 0 0 0 46 22 33 18 34 23 17 40 45 28 44 31 29 48 71 56 247 806 929 333 491 179 134 422 390 642 998 917 818 734 623 524 483 488 498 534 558 524 437 339 307 298 237 207 238 281 314 349 414 505 542 502 459 452 477 504 507 491 466 438 409 381 368 377 378 363 377 429 462 473 474 455 459 532 600 618 666 732 688 529 436 495 589 620 616 627 646 642 613 550 466 402 371 359 355 353 358 375 366 294 317 605 975 1148 1130 1093 1029 854 790 934 1042 936 717 586 561 524 491 495 517 530 531 524 516 512 517 540 587 628 616 555 559 668 771 722 492 213 71 20 20 21 9 8 4 16 19 19 16 12 15 10 11 22 9 17 24 23 79 176 304 359 378 370 345 314 283 256 230 195 166 156 173 199 233 294 334 296 248 289 372 430 458 501 524 512 0 
0 0 0 0 0 0 0 47 16 9 15 39 28 52 16 9 15 43 30 36 68 86 65 258 809 1053 390 445 183 166 409 322 609 957 849 806 764 571 418 399 415 414 427 440 411 351 275 226 228 222 202 217 262 330 372 394 464 523 499 460 458 474 518 547 506 459 448 430 397 390 398 398 396 393 415 463 477 444 458 559 663 661 604 635 775 834 702 584 643 718 652 562 582 638 643 630 585 495 420 372 346 347 343 329 357 377 221 229 857 1680 1922 1525 1128 1059 930 724 714 807 788 643 533 503 475 464 483 518 545 547 512 479 499 541 553 542 554 590 578 528 534 633 740 724 544 312 147 56 14 4 13 12 22 23 27 25 19 20 14 5 11 17 21 23 16 8 37 114 252 380 434 394 310 263 270 264 223 187 163 151 173 257 388 476 439 347 343 415 464 463 464 475 477 0 
0 0 0 0 0 0 0 47 4 23 23 28 10 15 28 6 23 42 27 44 42 59 80 300 825 1172 465 333 150 213 311 257 663 951 888 782 684 497 350 306 261 224 253 287 287 256 216 197 204 223 258 275 264 283 332 381 450 520 510 452 437 463 499 513 477 447 456 450 424 420 420 412 422 427 437 480 478 440 574 828 818 538 387 490 655 738 688 581 569 647 675 633 618 638 645 644 607 512 419 365 337 319 296 287 348 427 321 315 900 1731 1962 1407 801 728 807 719 673 738 777 706 613 559 524 509 513 529 547 555 528 488 493 527 547 537 528 550 592 594 547 522 585 696 728 619 419 215 76 22 23 25 19 13 17 21 21 24 16 10 15 23 25 20 14 16 19 22 87 207 338 415 408 355 332 360 363 284 189 148 147 188 290 431 554 622 626 574 498 454 443 439 429 0 
0 0 0 0 0 0 0 24 24 20 32 5 35 17 15 13 24 38 19 28 36 47 110 355 856 1277 600 280 99 288 385 341 524 680 702 742 740 599 376 248 207 228 300 348 354 312 269 273 249 210 243 262 223 241 314 359 403 447 458 458 462 465 477 469 435 438 467 453 427 434 444 454 476 468 445 450 446 513 791 1030 850 517 439 517 516 507 555 553 486 480 558 628 652 657 648 623 595 560 494 405 328 286 270 276 335 432 459 464 643 928 980 675 334 308 493 623 677 710 721 696 668 659 639 599 562 543 538 537 538 547 559 564 561 550 531 521 577 675 706 633 539 538 624 682 637 488 292 126 41 16 9 8 12 11 10 17 13 18 24 15 16 15 13 25 25 24 12 57 133 261 370 382 363 403 454 409 284 187 154 147 186 305 484 652 730 689 585 495 440 409 409 0 
0 0 0 0 0 0 0 13 30 61 47 16 9 15 19 21 29 19 29 29 31 26 181 430 816 1250 756 226 53 383 512 322 335 479 458 556 708 655 447 362 370 406 470 486 461 387 296 267 264 249 252 249 233 244 278 322 363 391 425 460 467 461 476 479 440 437 477 476 444 453 479 482 484 470 400 373 430 513 665 812 733 508 448 518 497 437 452 471 441 456 559 656 679 662 643 620 598 592 573 490 367 282 270 301 345 418 494 504 441 353 246 128 74 135 222 354 524 665 722 693 626 598 634 696 724 696 633 571 540 561 590 575 537 516 513 504 544 684 822 837 724 590 520 525 597 640 552 343 136 34 19 16 19 14 9 10 4 18 15 11 15 13 11 21 26 22 19 34 18 70 159 219 276 350 433 461 399 306 215 120 102 219 420 580 623 592 554 511 455 411 398 0 
0 0 0 0 0 0 0 33 19 47 55 27 33 25 29 25 32 25 32 41 39 35 229 528 833 1168 836 199 79 469 561 327 279 405 447 535 643 594 454 414 449 493 542 527 473 398 294 232 237 230 210 200 191 229 279 237 201 274 389 461 456 409 420 478 477 445 464 481 464 468 500 516 484 375 262 299 416 449 473 551 552 463 437 456 449 493 591 588 488 477 596 693 683 635 624 647 648 605 564 519 436 330 280 329 425 503 551 540 430 247 87 38 90 143 125 141 307 498 638 741 760 649 531 546 667 775 798 757 722 724 725 697 654 622 606 586 602 703 839 907 849 705 564 498 514 596 647 571 371 158 49 16 13 19 19 12 15 16 25 14 10 12 16 24 25 22 20 18 19 15 14 53 134 225 316 385 420 422 378 296 256 332 495 628 674 678 653 567 453 398 403 0 
0 0 0 0 0 0 0 44 40 19 34 11 5 24 41 30 21 33 52 37 39 81 312 548 786 1071 883 293 178 449 488 353 253 324 398 575 660 489 374 406 442 510 567 531 469 423 364 302 254 244 247 157 103 202 262 183 164 277 375 427 459 429 397 436 483 479 473 460 434 452 505 476 327 242 305 403 451 454 460 463 437 404 420 474 578 765 921 852 621 504 584 676 659 614 625 671 691 638 547 488 456 402 350 378 488 584 608 552 404 185 49 50 37 18 63 93 123 273 480 616 701 726 633 529 554 687 791 795 789 832 838 792 769 803 814 711 571 539 615 700 714 661 588 529 496 520 595 640 562 352 141 30 4 10 11 6 14 18 27 16 4 12 24 15 1 9 18 13 18 13 32 47 49 96 165 230 306 390 457 478 477 525 630 722 772 815 829 730 542 405 381 0 
0 0 0 0 0 0 0 37 20 29 9 8 10 19 26 36 3 18 40 39 40 178 454 554 700 971 891 415 223 323 351 323 237 336 436 556 632 484 360 392 428 461 492 471 454 427 347 268 236 216 111 123 79 144 244 183 193 289 357 417 476 489 461 434 456 502 494 443 458 491 400 247 269 383 424 424 472 487 432 376 330 317 419 596 780 964 1073 961 693 534 571 633 619 618 656 673 668 638 576 517 485 455 419 434 537 627 620 538 412 253 100 27 43 29 20 44 39 118 332 558 682 727 704 596 515 567 712 807 820 837 837 805 800 848 861 726 527 444 479 538 559 555 545 525 499 486 510 575 626 555 340 133 41 22 18 20 24 18 19 9 13 22 16 10 16 8 19 28 22 14 17 18 20 43 71 95 140 207 292 370 420 470 539 599 635 678 720 681 550 414 345 0 
0 0 0 0 0 0 0 11 2 29 26 15 27 14 14 22 22 18 56 67 37 255 535 575 670 875 820 483 247 265 368 340 195 274 436 584 589 448 385 407 400 397 414 440 474 455 342 224 202 126 182 237 231 227 177 164 199 248 321 411 462 483 493 475 452 446 447 488 518 356 120 144 319 417 379 415 474 439 352 295 254 303 509 697 746 796 903 872 658 513 548 595 582 613 656 631 608 627 609 543 515 540 548 535 581 668 679 577 401 216 91 49 41 37 11 29 22 17 138 402 635 737 760 694 565 504 597 755 823 823 818 806 804 833 849 749 558 441 435 465 469 462 476 502 507 475 437 460 564 647 554 321 129 44 20 13 25 10 11 17 13 8 15 23 20 24 27 9 23 14 23 32 17 15 34 33 29 47 95 145 165 181 230 280 297 318 361 372 318 246 198 0 
0 0 0 0 0 0 0 8 23 11 27 23 45 53 33 9 43 35 17 65 134 275 571 604 620 746 723 532 282 203 352 379 250 239 397 566 511 381 365 405 409 428 454 463 473 426 284 188 177 132 140 257 344 255 128 168 205 202 266 361 413 452 491 492 452 408 416 492 454 236 138 230 431 427 353 366 370 313 274 256 267 406 635 708 578 533 681 753 610 477 507 575 602 645 664 622 607 636 625 555 506 523 551 541 551 623 676 604 395 162 41 42 44 24 9 41 35 6 63 286 602 753 793 776 678 557 540 651 745 757 760 772 788 812 836 792 644 497 433 434 442 439 446 465 479 465 424 406 471 608 667 518 269 85 13 8 19 5 14 15 10 16 25 18 8 16 26 8 16 8 11 14 10 10 7 7 10 9 11 23 34 44 59 58 51 66 94 104 93 75 58 0 
0 0 0 0 0 0 0 24 33 25 26 23 23 43 22 22 38 45 3 101 275 244 507 613 582 658 626 535 278 112 302 403 253 200 400 509 444 389 397 401 414 452 437 400 407 376 272 210 213 194 157 191 249 230 173 164 173 183 220 287 354 402 453 473 429 424 485 412 206 129 237 378 472 425 267 178 202 264 302 294 317 469 650 648 514 490 596 630 533 452 473 525 577 650 687 645 603 604 600 559 506 466 434 432 500 604 665 611 412 169 40 43 40 24 16 26 31 33 86 279 615 764 784 798 781 685 563 523 566 603 624 657 712 769 799 779 698 599 526 491 479 469 451 438 449 463 445 419 460 603 737 680 450 201 55 15 17 24 19 11 9 24 29 15 6 14 19 4 4 8 18 18 11 9 11 13 8 15 9 13 36 55 47 29 21 20 18 27 43 35 14 0 
0 0 0 0 0 0 0 38 24 38 45 24 14 18 30 7 9 23 10 131 437 344 409 612 508 527 543 538 340 70 154 378 323 248 404 444 401 390 412 422 404 405 420 396 366 365 359 303 233 217 210 175 135 108 162 172 135 153 216 239 253 309 415 475 456 455 345 208 244 170 348 452 414 337 228 203 243 319 370 361 347 438 585 590 466 444 557 609 549 510 528 548 568 607 642 649 644 630 598 560 514 436 341 321 420 548 627 624 491 247 69 62 23 28 25 22 29 44 116 332 653 788 769 773 816 777 603 423 394 445 476 516 612 732 786 755 719 712 692 644 596 572 557 533 519 507 487 484 549 686 807 795 626 379 164 47 19 29 18 12 10 18 23 19 17 20 16 8 9 15 23 17 13 22 23 17 24 12 12 15 19 23 28 31 26 22 17 11 15 19 18 0 
0 0 0 0 0 0 0 15 24 33 29 28 39 18 17 26 60 37 25 115 528 577 345 592 486 412 438 492 473 242 241 60 242 208 332 369 361 391 401 404 403 377 384 425 431 426 407 323 248 226 184 133 98 77 84 209 172 111 180 237 213 249 400 499 441 271 212 369 290 251 433 417 273 208 229 335 402 394 388 372 332 393 563 623 512 469 608 707 617 506 510 545 546 570 614 625 615 621 635 615 529 397 291 289 360 433 517 604 586 380 129 55 40 47 35 48 57 95 230 460 696 795 773 759 782 753 615 443 380 381 396 462 598 740 802 794 794 802 782 748 744 774 775 721 650 599 576 585 636 724 818 853 765 556 298 99 18 12 11 14 13 10 10 17 26 21 9 14 18 19 13 10 14 20 18 9 14 5 3 8 6 7 7 12 26 23 12 8 11 19 22 0 
0 0 0 0 0 0 0 0 27 28 20 23 51 30 20 37 37 36 62 70 497 715 350 497 471 349 364 419 408 340 271 288 102 132 255 339 385 409 402 398 416 417 379 376 415 448 414 319 275 253 204 169 104 97 49 185 202 119 136 215 246 282 387 404 234 191 320 373 214 131 266 305 250 226 231 263 319 342 343 333 265 265 475 673 592 445 579 818 788 569 502 586 597 550 543 569 599 629 640 589 476 355 283 285 316 338 395 503 571 495 289 109 95 76 58 63 120 268 471 624 703 750 770 742 672 593 535 496 468 455 506 616 727 785 795 807 834 837 797 747 718 693 636 604 606 589 553 551 611 699 780 852 858 713 438 175 46 21 8 27 25 15 6 8 16 11 6 19 23 18 4 4 7 7 8 12 17 8 7 9 2 17 17 7 5 20 32 25 12 12 9 0 
0 0 0 0 0 0 0 0 11 21 15 9 29 21 9 25 46 52 20 66 469 789 418 390 498 260 292 411 393 356 352 186 150 171 224 277 338 388 416 414 406 383 370 383 448 483 427 353 316 290 234 158 143 192 150 136 182 169 152 164 213 239 213 172 254 381 376 267 160 127 212 306 315 274 215 166 170 216 240 239 231 222 302 504 659 685 737 835 768 549 474 575 626 587 561 559 563 578 573 507 411 352 325 294 285 309 342 383 444 491 461 336 188 110 105 195 356 538 684 747 740 723 683 607 539 543 617 670 658 648 684 738 765 760 759 782 816 814 743 634 543 491 461 437 436 453 459 444 440 495 613 744 814 759 574 337 144 41 21 44 38 30 17 10 12 7 10 17 19 14 6 8 9 5 6 13 19 20 10 9 10 9 14 5 17 19 8 9 14 15 16 0 
0 0 0 0 0 0 0 0 34 13 22 23 13 20 26 24 55 39 31 51 442 818 517 305 521 176 209 375 343 322 328 114 48 217 216 214 289 359 419 402 376 362 386 390 395 444 424 356 274 215 240 195 174 281 218 133 139 168 129 121 98 64 249 358 378 382 323 246 144 182 349 392 344 294 245 214 233 282 299 272 227 173 150 249 452 590 624 629 562 419 382 496 592 607 607 598 569 538 508 457 396 361 351 337 330 338 344 343 353 390 448 512 548 522 476 495 586 662 655 599 569 545 510 506 560 642 699 709 705 719 740 745 732 724 733 741 733 723 695 622 513 426 404 403 384 387 414 424 408 418 504 639 760 785 652 395 145 26 18 23 19 19 8 22 41 21 3 6 9 10 10 12 12 8 11 17 16 15 8 17 24 14 9 4 4 4 9 15 17 11 6 0 
0 0 0 0 0 0 0 0 25 31 27 23 12 14 25 25 17 26 12 66 364 767 695 306 460 129 211 321 329 291 269 96 153 306 235 191 275 339 384 385 368 345 346 372 356 359 402 370 275 183 202 231 188 159 140 177 167 131 140 210 209 285 368 405 423 366 290 311 238 157 346 427 362 376 385 309 287 349 376 367 349 228 72 82 253 445 457 420 376 299 302 431 541 571 570 589 610 592 523 434 376 350 333 341 368 373 360 351 347 361 429 550 647 679 661 601 530 491 491 488 462 471 533 610 664 687 696 702 704 708 703 689 682 693 699 661 606 615 661 646 534 411 373 382 372 356 362 375 375 381 446 581 742 820 727 479 201 34 16 6 13 15 13 21 21 7 2 9 8 10 9 9 6 6 14 16 10 5 9 22 36 26 10 22 34 30 15 11 9 4 13 0 
0 0 0 0 0 0 0 0 4 42 40 23 24 28 18 40 16 23 30 105 391 675 757 421 386 206 211 295 364 316 217 95 213 336 226 186 262 329 373 392 381 352 324 346 350 334 356 351 271 180 201 275 204 163 214 287 327 335 377 403 367 332 329 311 284 284 278 277 244 155 166 302 394 407 408 378 365 382 401 435 418 263 109 115 229 344 316 308 326 290 285 372 464 512 530 553 592 612 569 477 399 365 348 350 362 359 347 343 333 310 332 460 627 712 693 610 508 433 425 481 546 605 655 680 681 680 691 702 699 684 661 644 644 650 626 543 455 437 485 527 507 445 403 400 395 373 361 358 344 342 422 596 768 829 746 547 296 91 15 18 12 8 13 15 22 29 14 11 4 11 14 14 16 18 12 6 7 9 13 23 26 20 17 29 31 18 13 27 34 22 12 0 
0 0 0 0 0 0 0 0 8 17 25 21 14 26 35 33 16 83 61 82 302 680 808 572 318 350 106 268 349 307 180 168 282 321 217 166 208 324 381 383 363 364 353 338 327 328 387 397 296 207 188 166 192 358 436 351 365 433 386 282 230 192 124 108 130 163 192 177 174 191 130 114 287 367 351 383 422 377 349 420 427 282 160 168 276 306 282 278 284 304 378 451 463 469 515 562 594 627 614 513 392 330 315 349 384 368 334 333 345 337 354 427 480 550 724 847 764 581 521 590 647 655 668 679 671 655 646 625 584 550 528 514 508 500 471 418 371 360 382 417 439 436 416 403 408 408 382 335 310 356 478 631 762 830 796 627 353 107 29 29 16 7 16 13 11 21 24 26 17 12 17 17 24 28 18 10 12 13 10 18 18 17 10 12 14 10 9 27 26 18 30 0 
0 0 0 0 0 0 0 0 21 22 47 24 20 51 45 16 33 53 59 47 308 610 750 667 307 407 83 233 311 324 267 260 239 225 258 207 168 298 372 367 351 368 358 340 356 364 374 371 314 227 144 124 252 395 325 295 292 238 121 55 93 105 94 116 158 185 214 240 261 262 238 193 158 218 234 279 312 284 301 392 377 236 166 204 281 281 246 202 188 252 421 554 548 481 485 553 604 622 609 540 442 379 351 344 354 359 354 347 337 326 341 355 342 476 836 1095 977 676 571 649 670 628 624 645 636 592 536 464 391 363 368 377 380 380 370 354 348 360 374 385 395 403 399 389 394 405 399 385 402 458 517 567 673 817 856 683 357 91 28 29 19 2 12 14 8 9 20 37 27 28 13 8 15 17 15 10 11 11 4 9 21 16 4 9 16 14 14 18 9 13 21 0 
0 0 0 0 0 0 0 0 11 32 81 61 44 48 46 21 36 40 58 79 251 556 678 718 388 341 203 193 255 318 332 305 216 236 335 275 166 277 346 343 343 373 365 334 327 318 314 319 301 240 177 150 204 265 166 229 178 62 84 102 75 70 98 154 192 211 263 324 353 345 315 315 331 294 204 153 139 132 170 229 170 113 114 217 255 203 169 143 176 243 314 370 430 497 541 549 534 531 563 582 515 397 340 353 365 345 319 314 323 338 365 343 289 406 776 1107 1086 804 627 634 646 625 615 617 598 529 419 313 270 291 320 332 340 358 374 368 346 335 347 366 377 383 389 384 374 407 494 581 600 536 453 445 564 765 870 727 383 91 30 25 32 17 10 12 11 4 3 7 15 33 18 15 12 8 2 8 16 11 5 7 9 6 11 22 21 20 26 24 9 17 26 0 
0 0 0 0 0 0 0 0 21 13 40 38 37 13 18 15 15 51 53 90 227 546 664 719 513 245 261 178 261 284 340 304 241 278 353 289 172 207 271 299 340 358 318 305 339 302 257 295 331 300 248 167 112 205 265 323 202 106 130 152 117 76 82 128 159 169 236 303 316 353 393 378 366 385 388 347 277 204 175 169 131 109 70 149 203 127 98 161 252 311 297 271 327 442 495 448 389 398 469 545 571 507 396 329 344 392 408 375 324 305 343 357 316 375 649 987 1099 909 652 546 567 606 627 633 606 519 389 301 314 358 357 317 292 312 354 367 348 343 361 368 356 355 379 376 367 446 607 728 697 541 398 373 466 671 839 762 430 115 36 26 19 19 9 11 13 11 14 19 20 8 17 24 12 6 3 13 19 14 11 10 7 6 12 19 26 37 28 17 13 22 20 0 
0 0 0 0 0 0 0 0 13 19 39 13 11 37 19 26 14 31 26 69 146 398 584 707 656 289 280 119 296 267 360 332 289 287 345 314 225 150 201 289 341 332 286 261 288 313 289 304 356 338 282 221 195 235 243 173 117 144 140 84 49 41 78 115 124 123 167 240 271 306 403 443 368 315 341 384 369 313 300 295 226 163 147 190 188 89 44 149 276 337 340 329 339 376 399 372 333 334 364 418 505 537 447 335 334 420 459 402 328 317 340 339 325 397 604 833 889 711 478 396 463 562 637 665 641 569 489 463 518 570 532 424 339 326 339 323 315 344 368 364 350 348 358 358 375 460 604 703 673 542 419 366 408 583 776 748 447 130 29 22 16 7 6 11 6 8 21 23 12 7 6 14 11 7 9 11 17 18 8 6 15 16 11 12 24 32 25 18 21 14 10 0 
0 0 0 0 0 0 0 0 7 15 36 18 24 18 18 26 35 19 31 81 121 317 507 610 663 389 221 170 146 262 413 342 305 309 293 259 244 165 150 277 329 328 295 273 305 301 230 302 414 361 296 269 239 215 131 116 68 123 98 53 34 46 70 92 124 138 136 168 214 248 321 396 386 365 381 385 360 365 377 358 300 267 291 283 191 85 100 226 331 341 313 308 307 294 302 346 382 381 358 357 383 386 353 324 326 349 360 351 347 359 350 316 313 382 509 596 552 416 353 412 499 567 627 684 714 688 625 615 744 910 930 763 553 444 420 393 357 345 350 352 345 336 333 346 395 494 624 705 675 564 459 398 397 517 697 699 425 121 25 11 30 16 25 16 8 21 35 26 14 16 6 6 6 8 9 9 12 10 6 12 17 17 21 19 15 14 17 21 25 21 11 0 
0 0 0 0 0 0 0 0 0 17 24 38 28 40 85 31 18 22 59 66 133 188 445 594 647 493 208 267 146 258 423 422 311 263 283 234 237 228 164 258 282 322 329 296 295 301 306 335 381 387 333 250 204 226 180 116 30 103 82 47 49 71 84 87 120 162 145 142 197 234 259 319 363 366 374 387 376 364 366 365 339 319 313 269 195 180 267 360 364 304 263 259 262 274 312 361 378 360 345 333 307 279 277 304 327 322 307 316 343 354 344 331 339 369 407 415 396 422 536 630 638 617 640 692 717 701 688 727 833 956 1011 942 803 685 610 545 504 498 492 467 444 440 442 451 519 614 667 672 664 640 554 405 333 450 645 644 369 100 43 15 20 32 33 15 13 32 36 19 14 19 18 14 12 12 10 2 2 8 12 21 24 15 16 25 26 13 4 11 15 15 13 0 
0 0 0 0 0 0 0 0 0 17 21 34 36 27 22 20 2 14 40 42 146 173 373 554 631 640 331 261 321 259 392 516 408 265 260 284 267 262 189 202 279 326 343 313 295 279 298 357 368 348 338 266 180 189 174 104 71 114 80 76 125 131 82 69 102 119 95 81 142 213 227 237 297 371 362 319 330 363 361 340 334 338 318 284 282 317 342 332 311 281 241 237 267 269 267 320 399 405 340 286 276 290 314 340 348 339 325 318 327 356 390 396 381 386 412 442 483 562 660 678 616 581 598 617 612 611 636 658 689 744 787 802 797 780 741 679 649 654 654 638 625 630 643 656 660 664 683 716 724 659 522 378 334 447 601 553 273 63 60 27 17 21 18 7 13 20 17 16 14 10 9 11 12 11 14 15 13 9 15 24 18 5 5 16 20 9 8 12 11 8 11 0 
0 0 0 0 0 0 0 0 0 32 47 29 4 36 60 40 36 21 31 30 125 203 231 504 578 642 450 186 283 217 318 434 369 299 310 276 271 291 195 148 275 331 310 293 306 288 283 332 346 353 373 332 255 201 177 149 119 106 102 92 97 77 59 74 93 75 50 50 69 94 147 233 276 281 315 347 338 325 336 327 313 344 369 338 305 318 338 337 322 302 300 318 323 296 272 298 358 385 337 279 271 311 344 351 341 323 310 322 356 394 431 457 463 459 474 515 562 583 564 523 506 515 515 504 518 569 599 553 502 516 564 591 592 589 583 563 564 591 620 648 683 719 731 712 692 701 742 756 696 584 470 379 344 437 544 451 182 34 58 27 22 11 15 7 21 11 13 23 12 7 9 9 9 13 19 24 27 26 22 21 18 13 11 14 19 20 15 14 12 4 6 0 
0 0 0 0 0 0 0 0 0 34 37 36 12 42 39 33 29 29 32 21 112 222 186 397 482 619 580 227 228 221 217 279 276 302 301 277 287 263 215 152 204 283 294 300 296 291 306 332 350 351 361 359 313 241 178 151 126 87 60 62 44 62 75 89 81 54 51 64 62 83 145 182 199 255 329 364 355 330 321 326 323 318 322 317 300 294 293 304 334 353 337 316 306 291 290 316 319 288 269 282 299 313 322 323 320 317 313 326 388 485 544 542 519 501 481 464 463 464 445 430 459 491 476 439 437 473 492 461 402 361 367 402 422 412 398 409 429 460 516 592 652 674 672 661 663 722 798 765 612 461 394 349 309 392 480 354 129 30 45 36 10 20 12 12 22 11 14 18 9 11 12 8 9 9 13 18 20 11 7 16 21 16 13 18 32 31 15 15 15 14 15 0 
0 0 0 0 0 0 0 0 0 16 10 23 21 36 25 22 24 7 33 29 80 205 165 265 476 586 623 393 189 197 97 188 254 294 292 276 264 254 233 164 133 233 285 308 306 277 277 324 319 291 345 404 350 223 145 151 161 131 103 91 64 45 54 65 57 34 26 57 94 100 108 126 144 173 222 292 333 319 317 351 357 316 292 295 295 300 325 334 308 297 328 351 331 304 296 310 317 277 222 222 273 300 298 305 316 312 322 403 526 575 530 464 434 427 414 401 390 370 352 359 388 421 438 429 404 384 379 373 348 326 335 360 363 337 322 340 362 379 410 466 527 574 600 606 618 705 773 687 493 355 325 299 267 326 366 232 85 39 39 33 19 9 22 15 12 6 6 8 10 11 15 11 3 6 7 7 17 13 10 15 16 16 18 30 37 23 14 25 34 34 29 0 
0 0 0 0 0 0 0 0 0 11 24 18 39 25 20 13 3 33 63 21 31 168 215 181 412 521 580 488 196 57 136 193 187 275 282 235 207 232 262 227 137 193 267 297 293 279 284 308 310 300 341 375 343 253 138 117 178 145 79 94 77 24 11 22 18 18 30 41 74 88 65 64 117 160 168 202 271 288 263 289 335 312 275 282 287 289 324 346 318 301 315 315 303 310 313 303 323 308 221 175 222 282 292 290 310 345 406 492 532 484 429 398 376 359 354 349 342 344 349 357 385 418 424 403 378 360 341 325 322 324 329 332 327 319 322 334 329 319 344 403 465 514 548 562 580 644 674 585 441 349 312 262 230 265 240 109 47 36 22 22 8 6 9 10 4 7 9 11 11 11 16 16 9 3 4 4 10 13 14 13 10 10 14 19 23 23 24 26 26 25 20 0 
0 0 0 0 0 0 0 0 0 26 38 27 32 25 19 25 11 24 36 41 36 120 240 170 305 417 536 588 347 149 220 239 155 223 290 234 179 209 227 234 186 174 248 287 308 258 241 280 297 308 317 317 337 322 181 61 132 203 125 72 70 59 84 39 33 16 48 70 52 59 93 99 90 103 126 170 236 280 276 261 283 300 278 268 288 304 326 358 346 298 273 274 288 311 307 293 335 346 250 161 167 227 263 292 355 401 402 404 406 385 346 311 289 293 310 311 306 336 388 415 402 380 369 366 358 337 312 307 319 328 328 325 329 336 336 328 318 318 341 384 429 469 507 544 580 606 571 468 371 328 297 228 171 174 136 42 13 12 1 2 4 7 4 4 9 9 8 13 16 12 13 20 18 0 3 14 17 10 5 6 9 8 10 12 14 19 22 16 12 13 9 0 
0 0 0 0 0 0 0 0 0 10 15 20 19 40 26 8 21 26 25 6 58 91 204 189 215 346 428 605 472 228 250 251 171 182 262 243 158 141 201 255 244 172 209 254 280 286 257 257 299 337 324 304 348 364 257 122 69 125 173 171 112 99 117 58 25 18 23 52 47 53 80 78 67 107 155 161 167 222 290 309 294 295 299 288 287 294 294 298 310 307 283 262 270 303 314 310 331 310 199 123 95 122 171 217 267 302 315 334 321 287 287 320 332 320 313 318 337 356 363 355 347 338 328 323 319 311 306 311 318 312 304 310 326 333 321 309 305 310 331 369 408 433 449 473 499 502 458 389 349 338 295 200 143 148 88 53 56 33 18 24 5 6 8 11 9 11 6 9 15 17 18 19 15 7 8 18 15 10 9 11 14 10 6 8 11 15 18 14 14 18 15 0 
0 0 0 0 0 0 0 0 0 52 16 14 29 31 38 10 26 37 26 5 25 43 149 195 148 253 384 531 532 279 216 285 214 145 208 246 221 163 132 198 264 207 136 243 275 295 300 289 302 339 361 379 415 398 330 279 197 117 90 130 140 86 63 54 32 30 31 52 33 29 67 89 70 58 102 157 162 168 221 277 279 271 297 300 262 246 267 271 245 236 233 204 185 235 293 294 240 187 124 101 96 97 120 150 196 243 265 256 231 218 246 286 289 263 263 301 335 333 311 301 305 300 283 279 297 311 301 290 297 298 287 285 304 320 313 295 287 293 310 343 388 420 418 392 390 411 384 318 294 309 270 158 85 90 73 30 23 23 23 26 17 8 2 7 9 12 13 7 11 17 16 10 7 10 10 11 12 17 15 11 11 4 5 10 12 14 17 8 14 22 14 0 
0 0 0 0 0 0 0 0 0 0 23 7 33 16 10 27 37 39 19 34 65 22 88 214 133 155 329 499 557 378 244 266 245 146 187 257 246 241 244 221 272 309 174 234 359 378 409 407 373 369 409 420 403 399 356 303 245 175 133 105 88 83 73 64 70 58 38 39 35 36 67 57 34 55 72 75 82 112 151 205 248 250 253 291 313 287 248 226 214 222 229 179 112 101 117 138 122 108 121 100 72 93 141 191 230 243 234 213 206 228 248 247 244 254 262 258 258 278 283 273 265 271 281 290 297 290 270 267 282 287 278 277 294 310 309 300 295 302 314 325 341 352 338 298 286 312 290 231 239 295 260 141 123 78 87 34 17 19 15 18 23 18 8 13 12 9 13 10 15 22 20 11 5 7 9 7 6 9 13 8 3 4 4 7 3 11 17 14 16 17 15 0 
0 0 0 0 0 0 0 0 0 0 16 18 18 26 26 40 35 16 23 36 50 11 50 194 187 122 271 422 532 494 300 225 269 215 171 281 316 266 265 305 332 401 337 173 442 490 425 409 384 370 369 349 346 370 362 307 233 170 149 118 60 50 77 78 64 45 21 22 44 36 29 37 23 7 29 37 46 57 102 129 170 222 249 267 291 285 253 250 259 249 216 150 119 113 85 64 92 101 74 70 91 131 184 214 214 200 194 204 226 238 228 211 204 209 214 218 226 245 253 257 263 272 275 267 260 258 249 248 262 275 278 278 285 296 299 296 294 301 305 297 287 278 259 226 212 215 177 117 188 289 250 179 198 59 125 42 26 23 17 21 12 1 1 9 1 12 18 14 9 10 14 13 8 7 11 13 10 8 10 12 15 13 18 24 21 12 11 17 12 11 15 0 
0 0 0 0 0 0 0 0 0 0 15 6 5 26 49 33 25 1 30 44 27 19 21 66 204 136 153 382 517 531 363 225 235 244 175 234 394 320 232 285 338 384 421 224 258 418 389 366 344 313 328 338 327 340 340 308 271 209 156 154 110 44 43 63 54 48 36 16 26 47 64 45 29 28 23 32 36 36 45 81 119 144 164 198 253 297 295 279 279 271 228 161 129 134 115 63 70 111 121 137 159 160 181 201 193 183 205 228 228 225 226 220 201 189 204 228 234 225 219 224 234 244 251 250 245 247 246 238 250 277 288 274 260 267 282 286 282 283 276 260 253 249 216 162 163 197 152 85 138 241 249 214 219 21 100 40 32 26 21 15 5 10 21 24 14 14 14 6 5 7 7 4 2 6 14 17 10 7 14 18 17 16 28 24 12 13 12 14 17 13 14 0 
0 0 0 0 0 0 0 0 0 0 29 7 22 12 27 35 24 11 22 53 33 17 22 39 141 176 116 283 423 513 434 242 209 252 214 138 401 452 280 234 276 336 439 412 167 296 384 347 317 277 286 328 303 270 295 318 286 231 183 163 152 100 67 69 51 39 36 22 26 41 42 25 26 27 9 35 37 46 35 56 101 102 85 123 201 272 311 300 295 299 260 187 155 174 170 126 116 162 198 188 169 177 201 210 193 172 178 203 219 203 183 186 193 184 177 198 226 224 207 210 230 249 260 261 253 248 250 248 252 262 266 263 261 263 268 275 275 266 252 241 244 244 214 170 186 228 157 123 129 198 226 196 216 11 93 58 44 24 9 6 12 15 8 9 7 7 3 10 7 4 4 4 3 6 10 9 9 16 18 13 12 16 10 6 14 11 2 9 19 11 16 0 
0 0 0 0 0 0 0 0 0 0 18 21 24 22 22 18 11 8 18 30 16 16 20 22 55 157 180 192 358 473 482 338 198 177 240 183 215 486 431 262 237 270 347 442 309 181 366 363 314 278 259 304 297 244 266 331 327 262 195 156 134 101 62 46 32 26 26 22 10 44 60 26 7 13 15 21 50 47 51 57 63 72 78 118 187 223 244 303 355 335 266 210 215 276 329 317 262 215 180 157 178 228 241 212 194 188 170 167 194 200 163 137 158 188 186 177 202 231 234 222 221 234 252 263 258 244 237 245 255 250 244 254 265 254 236 242 256 240 219 225 252 253 208 176 222 250 167 170 126 151 193 191 225 43 99 42 25 24 27 20 6 9 24 18 6 4 8 14 13 18 18 10 4 6 8 8 10 9 7 9 17 13 1 9 10 1 14 13 20 22 23 0 
0 0 0 0 0 0 0 0 0 0 19 21 16 21 31 24 28 19 24 29 29 24 26 18 23 74 194 119 254 430 483 386 299 235 165 245 210 317 507 407 287 249 268 346 344 169 228 344 329 272 250 272 288 271 260 286 297 270 226 173 121 75 51 32 20 28 40 32 17 37 47 18 20 55 54 18 48 44 29 49 55 70 107 155 202 235 284 330 359 357 337 339 366 393 405 368 276 194 178 204 225 230 216 214 238 236 187 144 154 176 161 135 149 185 183 148 147 197 235 224 200 205 229 246 248 237 221 219 234 240 234 234 233 212 189 197 213 190 160 166 189 179 139 131 149 164 184 238 108 91 179 220 234 49 114 23 30 27 30 27 21 18 11 21 32 20 13 18 23 23 13 5 2 4 9 15 13 7 6 14 28 24 7 5 14 6 3 7 18 19 16 0 
0 0 0 0 0 0 0 0 0 0 18 21 17 6 14 21 36 29 12 16 19 7 21 16 6 26 113 143 150 356 457 482 398 303 202 242 373 216 433 499 367 274 245 257 297 235 105 228 279 258 249 274 271 246 233 235 263 279 248 188 106 54 49 48 49 60 49 37 43 43 31 20 34 40 44 24 16 29 24 63 107 135 181 246 288 289 280 307 370 409 414 431 456 434 360 282 230 214 231 246 234 216 217 226 230 223 187 152 158 190 195 168 158 190 212 176 124 142 205 225 203 196 214 220 211 215 219 196 182 189 200 199 182 154 126 119 129 122 99 97 107 109 119 137 101 109 224 277 98 67 176 260 271 76 88 23 30 15 13 17 28 24 5 5 12 21 19 12 14 13 6 10 14 11 12 14 13 13 16 21 23 13 3 4 14 12 9 6 14 17 17 0 
0 0 0 0 0 0 0 0 0 0 0 22 18 22 10 21 22 19 20 21 39 16 9 12 25 5 33 125 114 241 382 460 483 352 251 240 278 184 247 386 302 242 247 258 248 219 118 130 223 245 253 261 273 268 234 221 242 269 278 263 182 75 57 87 68 39 41 43 54 49 40 28 38 61 40 36 42 40 57 93 133 174 228 288 306 253 211 252 337 401 438 447 401 315 248 226 227 234 242 232 211 210 217 206 201 211 197 166 171 207 216 187 172 193 203 178 146 142 167 188 186 182 191 197 184 175 175 156 137 139 144 127 98 79 66 68 83 87 82 102 130 134 117 97 89 111 172 160 93 90 178 310 302 96 86 35 19 17 12 15 21 20 15 13 15 4 13 8 3 14 12 17 24 21 12 8 8 11 10 10 12 9 1 5 18 20 9 5 11 11 10 0 
0 0 0 0 0 0 0 0 0 0 0 18 22 7 9 20 9 20 38 45 19 21 10 19 36 13 15 57 89 144 309 408 484 443 316 256 260 175 138 232 208 208 233 246 249 254 217 119 172 220 217 236 248 246 240 236 232 248 276 296 238 129 84 90 51 19 42 51 41 39 52 49 36 46 41 46 49 47 65 90 96 133 201 241 238 195 146 165 244 306 316 280 218 177 193 234 238 216 210 201 165 146 159 180 187 186 146 95 95 147 176 148 123 143 166 158 151 149 143 137 146 153 142 123 117 115 102 91 88 87 68 50 63 89 95 85 108 108 88 94 109 109 107 112 123 131 121 107 156 150 201 336 312 114 81 75 15 31 28 20 23 28 23 12 11 14 10 3 9 19 23 19 20 12 6 9 10 5 4 7 7 7 9 10 12 13 12 9 6 3 7 0 
0 0 0 0 0 0 0 0 0 0 0 15 19 17 14 16 13 11 21 37 21 25 28 20 19 20 17 35 46 71 231 368 416 455 411 288 219 219 162 152 198 199 192 199 216 224 249 184 116 197 203 210 226 225 230 233 223 236 261 265 243 214 159 108 90 80 84 86 47 33 28 24 40 63 40 24 49 70 91 109 100 119 188 237 245 227 189 153 139 129 119 106 95 118 168 202 190 160 157 167 147 115 107 104 90 82 83 93 101 81 66 78 68 74 101 120 113 109 92 67 66 89 97 81 78 78 77 75 71 58 44 49 66 72 77 58 96 112 100 107 123 140 175 218 243 238 203 201 247 213 203 313 344 164 51 87 22 28 16 11 11 21 26 14 14 28 19 6 7 14 18 21 16 15 9 7 7 6 6 7 8 8 4 0 1 9 13 13 15 12 9 0 
0 0 0 0 0 0 0 0 0 0 0 19 15 34 19 15 21 21 10 23 15 22 34 16 19 20 10 28 26 78 145 290 364 432 444 309 167 205 257 154 168 190 174 196 209 201 205 213 149 144 223 236 234 235 221 224 230 234 272 288 248 216 199 190 239 243 168 148 142 88 59 52 36 35 43 38 63 92 74 59 63 75 125 159 136 114 114 97 103 138 100 48 71 99 104 111 110 96 94 106 109 93 58 36 66 99 102 112 155 172 128 94 97 101 82 78 75 74 59 41 39 56 73 74 70 61 57 66 71 58 48 57 74 90 106 99 98 111 151 183 200 215 231 245 251 235 207 212 243 177 160 296 368 216 53 58 23 14 8 7 9 14 20 21 18 15 9 7 7 14 21 19 18 18 18 13 7 7 10 9 5 2 5 3 5 14 16 12 11 8 5 0 
0 0 0 0 0 0 0 0 0 0 0 42 34 30 21 6 30 29 15 18 21 24 34 37 18 19 24 26 23 44 66 156 292 365 436 411 212 44 138 249 156 187 199 189 190 187 189 215 191 102 189 254 274 289 265 240 224 204 254 324 276 201 207 234 247 241 196 170 172 137 108 103 75 54 59 69 100 136 126 80 65 66 64 77 87 91 102 123 176 204 139 39 16 33 30 51 68 63 68 80 94 121 130 119 135 160 150 143 182 216 182 128 114 107 93 84 64 51 52 57 65 75 72 58 59 81 82 79 91 106 108 118 148 176 193 198 192 191 192 186 188 209 235 227 182 145 144 148 131 91 155 305 367 252 81 39 19 16 10 18 17 21 16 6 10 19 20 10 6 9 14 13 9 12 17 11 7 9 8 7 8 9 10 13 12 9 10 7 3 7 12 0 
0 0 0 0 0 0 0 0 0 0 0 28 14 24 29 30 23 28 21 25 26 41 35 23 22 11 12 21 20 27 20 65 124 282 397 480 362 147 149 70 117 135 187 184 182 193 208 211 213 157 111 147 245 378 407 323 261 204 181 248 263 211 204 218 201 193 186 154 141 149 162 152 100 71 92 99 93 82 93 110 112 106 92 103 145 169 161 185 232 218 141 83 69 70 75 96 96 86 112 158 167 157 159 175 199 215 211 196 183 163 124 92 72 57 84 105 101 86 67 53 63 97 118 111 119 149 152 131 133 157 173 179 189 203 206 199 191 184 177 158 141 148 162 140 92 76 72 86 110 164 252 339 356 241 82 56 49 21 13 6 9 9 21 18 11 16 17 21 10 8 11 11 10 11 6 3 5 5 8 12 11 8 11 14 9 4 8 7 3 5 12 0 
0 0 0 0 0 0 0 0 0 0 0 27 16 20 22 14 11 3 23 23 10 14 17 20 9 8 12 13 29 17 14 52 51 121 274 416 459 249 158 238 140 121 172 187 181 171 174 199 190 181 118 100 231 354 427 363 254 213 186 174 231 293 310 302 256 183 144 145 139 120 110 91 53 23 28 37 35 72 78 87 88 67 52 78 121 138 142 190 250 252 200 175 184 174 154 151 158 170 195 215 202 177 163 159 148 132 120 113 105 81 60 81 91 89 116 144 142 106 74 55 48 67 91 83 84 101 100 86 81 91 100 103 107 115 112 101 96 94 92 85 77 81 95 107 120 130 124 166 240 299 331 341 296 169 62 76 41 15 9 8 3 12 25 17 16 14 10 13 5 9 14 17 15 11 4 1 3 11 20 19 14 8 13 15 12 10 11 8 4 1 8 0 
0 0 0 0 0 0 0 0 0 0 0 0 7 17 17 3 11 11 16 15 11 13 13 20 5 8 12 18 31 32 9 7 41 61 60 200 400 437 173 246 282 220 247 279 283 238 156 146 185 205 166 121 171 238 268 252 208 188 207 243 272 304 331 325 262 161 119 137 114 63 42 33 26 22 20 30 59 59 37 59 86 70 51 72 120 148 153 187 248 270 265 270 263 243 237 225 214 233 255 237 204 183 163 132 104 89 78 63 57 67 64 58 65 78 84 85 77 94 129 138 108 80 86 92 95 97 103 105 91 80 84 87 86 90 88 79 78 93 106 112 120 143 183 222 247 246 244 273 315 335 317 258 158 75 62 50 5 18 4 10 13 10 2 6 14 21 19 9 6 9 17 17 13 15 10 6 8 12 14 15 13 10 7 3 4 8 12 12 7 9 7 0 
0 0 0 0 0 0 0 0 0 0 0 0 19 13 13 19 7 8 17 26 29 27 18 13 12 1 4 9 25 29 22 11 14 18 30 25 151 300 208 133 258 231 253 314 380 439 249 52 64 56 55 39 82 148 205 246 248 217 212 236 232 214 219 222 207 164 111 77 61 58 65 67 74 84 89 94 100 124 158 163 158 162 188 222 241 256 278 289 285 296 315 320 311 290 273 269 270 270 260 234 217 211 194 170 150 135 115 94 73 55 62 84 94 92 98 120 148 196 244 256 227 197 200 222 228 231 243 237 206 181 185 198 201 202 200 189 194 223 244 242 244 268 296 311 313 305 292 286 272 233 158 88 56 51 37 12 11 13 2 9 10 12 13 17 19 23 17 8 11 11 11 11 13 16 12 9 9 8 16 13 9 13 16 12 7 10 15 13 8 13 11 0 
0 0 0 0 0 0 0 0 0 0 0 0 9 14 17 34 34 31 16 14 19 18 12 10 13 6 9 9 10 9 18 19 9 28 30 29 19 64 100 44 96 150 166 229 319 452 451 190 263 246 178 159 162 191 258 361 396 307 191 114 63 83 96 90 97 88 58 57 89 120 150 165 173 191 215 238 262 282 304 311 293 284 312 342 346 351 367 369 350 338 341 330 302 298 309 304 287 277 259 233 231 253 263 249 237 234 234 234 228 210 202 225 243 234 232 255 280 291 296 295 283 279 291 302 301 307 318 312 290 271 265 266 270 274 271 259 263 288 311 316 315 320 326 325 314 297 268 213 139 69 27 19 27 21 9 9 5 13 28 28 7 9 2 11 16 14 10 8 10 10 7 6 11 15 9 4 5 5 7 12 10 8 10 10 8 9 7 5 7 13 10 0 
0 0 0 0 0 0 0 0 0 0 0 0 20 10 13 16 3 7 18 5 9 17 19 29 17 8 13 4 7 7 22 21 8 27 38 4 30 21 30 21 28 31 55 85 146 245 333 288 154 195 193 182 171 180 225 317 401 367 241 128 93 125 128 92 96 108 80 67 110 144 133 143 181 205 212 229 251 257 269 305 320 311 318 334 326 317 334 340 324 318 324 321 314 314 313 304 283 268 271 270 255 261 293 310 301 290 289 287 284 282 278 274 279 293 307 306 293 285 286 286 283 288 301 312 318 321 314 298 291 297 308 317 321 317 308 302 302 297 298 306 303 284 263 245 222 187 139 75 25 15 18 17 19 20 14 4 8 21 30 19 2 9 7 22 32 19 11 13 15 11 2 4 17 18 9 10 15 12 9 11 9 5 7 6 11 10 8 8 3 1 4 0 
0 0 0 0 0 0 0 0 0 0 0 0 23 21 20 22 30 24 18 17 10 11 11 18 22 15 18 18 7 24 19 6 10 15 15 19 19 11 6 9 21 28 23 36 35 44 87 150 136 77 63 49 61 70 89 117 156 191 179 127 77 60 66 57 54 63 63 47 49 46 35 42 80 104 95 95 97 92 104 139 174 188 194 192 185 182 182 187 196 211 241 272 288 300 301 277 250 250 264 252 212 187 208 243 247 235 240 251 255 261 269 255 248 275 299 289 269 265 273 272 264 265 278 293 297 286 267 255 261 273 278 278 283 286 274 254 238 219 207 204 195 169 142 122 89 46 33 18 10 31 26 23 21 23 16 8 20 9 10 10 9 9 15 16 19 18 14 13 12 7 4 8 10 11 10 11 9 6 7 7 9 3 5 9 14 11 8 3 2 4 6 0 
0 0 0 0 0 0 0 0 0 0 0 0 11 13 15 8 8 17 18 8 14 20 16 13 17 20 15 16 18 13 11 10 20 9 12 43 28 21 26 14 21 36 12 12 24 32 27 23 57 48 3 11 6 29 43 50 53 32 56 44 26 37 41 24 19 24 20 11 40 55 34 22 40 61 47 26 19 11 15 8 11 13 9 28 27 54 56 38 48 65 81 101 128 158 173 164 144 141 148 140 115 85 68 74 85 81 86 116 130 137 155 160 153 165 187 186 178 187 197 189 179 187 198 199 191 182 181 189 185 163 149 154 159 142 119 108 103 86 74 61 47 44 52 55 43 24 19 14 6 10 9 4 14 16 5 6 12 16 15 17 20 16 12 9 16 15 14 12 13 8 3 6 9 10 9 5 2 4 6 7 9 6 5 8 13 13 6 3 2 1 3 0 
0 0 0 0 0 0 0 0 0 0 0 0 24 27 11 9 6 10 19 20 11 19 22 9 15 24 20 14 17 12 16 9 19 13 5 23 17 4 7 7 9 18 22 11 7 5 17 10 16 14 7 14 23 23 29 27 26 24 14 12 8 11 11 1 17 28 19 5 10 18 15 3 7 16 28 34 33 21 22 25 22 16 21 13 11 6 26 27 12 8 4 4 8 16 18 16 23 20 28 39 32 22 9 1 4 2 2 17 27 19 20 32 30 16 19 45 63 62 50 42 52 52 52 56 54 58 68 74 65 46 35 37 41 38 36 26 23 10 8 13 20 25 22 12 9 15 16 10 8 14 11 9 4 3 9 15 13 7 11 16 20 14 12 18 23 19 19 20 21 14 7 7 10 17 13 9 10 6 7 9 8 7 5 9 16 14 8 11 13 9 5 0 
0 0 0 0 0 0 0 0 0 0 0 0 0 17 17 6 10 21 11 9 7 18 24 18 18 10 12 2 2 10 13 13 6 9 12 13 10 7 20 19 3 7 9 14 8 7 10 18 2 2 6 12 15 22 26 32 46 12 21 22 7 15 6 9 11 15 21 9 5 19 12 27 27 2 17 26 31 17 18 14 13 19 17 17 15 16 9 17 12 15 22 14 14 26 27 13 7 23 40 29 8 12 20 27 24 19 11 14 25 22 11 11 17 23 21 24 29 24 12 16 41 43 26 24 43 47 28 15 19 23 21 17 11 11 18 23 11 11 16 16 14 12 10 10 14 16 14 22 33 24 23 12 25 27 12 5 11 17 13 13 12 7 5 14 19 13 11 9 11 11 11 9 4 2 8 14 17 9 4 8 8 6 5 8 13 11 9 7 9 6 5 0 
0 0 0 0 0 0 0 0 0 0 0 0 0 6 9 11 5 8 16 19 18 10 6 19 29 9 16 9 1 18 31 28 12 9 16 20 9 8 12 14 15 12 10 11 15 11 9 21 29 22 16 10 11 19 23 12 11 15 25 20 13 19 14 9 18 9 8 10 8 9 15 15 11 2 6 3 8 10 13 14 7 14 19 22 20 13 6 10 17 18 18 8 3 5 7 12 15 21 19 12 16 20 16 14 15 19 18 26 18 27 20 21 21 19 19 12 2 4 17 19 7 14 20 18 11 20 14 19 26 31 27 10 10 15 7 11 11 6 7 17 13 8 16 26 26 18 12 23 37 38 14 21 29 23 15 6 6 16 17 11 2 3 4 7 12 19 14 4 5 11 10 7 7 7 5 8 14 11 5 3 5 11 15 13 12 16 16 12 9 7 8 0 
0 0 0 0 0 0 0 0 0 0 0 0 0 33 13 16 23 13 24 15 20 16 7 3 19 11 12 19 7 11 16 28 14 4 17 11 10 18 13 11 15 17 15 17 15 3 9 10 21 6 23 19 7 15 14 8 9 11 17 13 8 8 5 16 23 22 12 9 6 4 19 20 6 12 9 0 2 3 11 15 7 14 16 20 12 2 3 6 6 11 14 12 7 8 15 20 11 4 9 22 21 9 19 16 12 2 11 15 7 28 21 14 14 9 12 13 7 7 8 10 9 19 14 17 19 36 17 9 11 20 29 17 3 3 4 7 7 12 8 8 6 9 15 22 26 13 15 14 4 20 12 11 10 12 14 14 15 17 13 7 9 11 6 4 6 13 11 13 15 11 10 4 7 5 3 8 10 9 6 8 13 12 8 14 19 15 10 9 9 9 7 0 
0 0 0 0 0 0 0 0 0 0 0 0 0 32 18 11 12 18 17 15 17 12 5 10 14 8 10 19 18 12 10 14 16 11 6 10 11 6 1 10 21 13 9 7 16 14 8 7 13 14 7 24 15 9 8 4 8 5 7 16 18 7 4 10 10 12 23 16 7 8 16 19 15 14 9 9 3 11 11 32 16 6 10 14 7 3 14 26 19 8 8 12 8 4 4 3 6 17 19 5 11 11 7 17 15 12 14 3 3 8 6 6 3 6 8 11 19 20 17 10 7 14 11 19 13 14 21 11 13 24 23 21 13 5 12 9 8 6 9 14 16 15 12 11 13 13 9 7 13 10 7 7 6 8 9 9 10 10 5 1 5 11 16 11 5 6 11 16 15 9 5 9 13 9 5 4 9 12 10 8 5 1 4 9 9 6 2 5 13 15 8 0 
0 0 0 0 0 0 0 0 0 0 0 0 0 15 28 15 16 14 14 25 15 8 8 17 10 9 4 8 8 9 8 6 7 6 16 10 12 14 14 10 9 12 14 14 22 30 13 10 8 4 10 13 20 12 6 13 20 10 10 9 20 8 4 16 14 10 24 15 5 4 6 4 0 4 11 12 3 1 12 23 20 11 9 16 17 13 23 22 10 2 7 6 4 7 4 5 6 9 7 6 8 13 6 18 18 7 8 4 5 12 8 5 10 18 15 8 11 13 14 10 25 25 7 16 12 8 4 10 16 14 11 10 16 25 19 11 13 4 7 11 13 11 11 13 16 18 13 9 19 19 13 8 7 10 11 11 9 7 7 8 12 10 10 7 5 2 1 2 4 4 4 5 10 12 10 8 10 14 14 10 11 10 3 7 7 4 0 4 9 12 12 0 
0 0 0 0 0 0 0 0 0 0 0 0 0 14 11 10 12 7 10 13 19 14 13 9 11 20 14 7 3 4 2 7 15 12 8 6 4 7 11 11 6 9 16 17 14 8 4 12 20 10 16 16 9 16 20 12 7 14 13 16 14 7 10 10 4 9 25 18 5 13 19 13 11 15 12 7 2 9 10 10 17 23 19 12 10 12 8 5 16 12 1 2 11 16 12 9 5 3 9 10 25 11 16 16 2 4 2 4 11 16 10 3 9 16 11 7 15 22 19 8 11 11 17 7 14 13 5 10 15 11 7 6 6 11 16 21 14 11 6 10 9 9 14 16 10 6 11 19 19 12 13 18 15 14 12 13 12 8 6 11 17 14 8 3 8 13 12 10 12 15 10 5 10 11 9 6 3 7 6 11 14 14 15 14 11 8 6 8 8 8 9 0 
0 0 0 0 0 0 0 0 0 0 0 0 0 0 26 8 11 5 13 16 6 5 3 10 16 14 7 3 12 3 2 3 14 14 14 9 9 9 7 11 5 4 13 14 8 9 9 12 23 17 11 17 4 8 11 13 15 12 12 10 7 6 6 6 3 10 20 17 4 6 10 15 13 20 18 4 1 8 10 5 9 13 8 9 14 9 8 9 10 9 8 11 16 16 13 12 9 5 7 17 16 6 7 12 20 13 8 13 14 10 19 18 9 6 4 7 15 13 12 14 20 11 12 13 11 19 12 12 19 15 9 6 4 6 10 12 10 10 4 2 4 14 23 18 10 10 13 9 9 11 7 11 15 12 8 15 24 18 6 4 7 4 1 3 11 11 8 12 13 11 11 13 13 6 3 2 4 6 1 9 12 18 15 10 13 11 10 13 1 1 12 0 
0 0 0 0 0 0 0 0 0 0 0 0 0 0 17 22 12 10 17 35 13 9 17 16 14 15 4 11 12 12 6 4 7 17 19 12 13 5 5 7 4 13 11 5 9 19 14 8 3 3 6 16 9 13 13 20 26 20 5 6 7 7 7 13 7 5 6 4 1 10 8 9 11 9 8 9 8 13 24 27 16 7 5 9 9 8 6 5 6 16 16 14 13 12 14 11 14 19 17 10 8 7 5 10 19 19 9 4 14 18 15 14 7 1 2 4 4 2 4 9 7 10 10 16 9 4 6 12 11 5 6 8 7 6 4 9 17 10 4 4 3 8 10 7 5 7 16 14 13 10 5 6 12 9 7 6 8 9 11 13 8 3 6 11 13 9 8 13 9 8 10 11 4 2 0 1 7 8 8 6 6 4 5 6 6 6 8 11 5 1 10 0 
0 0 0 0 0 0 0 0 0 0 0 0 0 0 18 12 25 18 17 19 15 4 17 14 8 15 13 16 17 10 12 9 3 6 10 8 12 6 16 15 7 5 4 1 6 4 9 8 9 3 4 10 6 7 18 19 16 9 1 5 11 7 4 13 12 7 5 8 5 18 17 7 13 13 13 22 18 8 12 24 21 8 5 2 6 6 5 9 9 11 11 12 9 9 16 14 9 21 23 13 6 14 19 17 19 22 16 9 4 10 19 12 4 2 3 4 8 7 6 3 5 8 12 16 11 2 5 8 7 7 9 9 7 8 9 10 11 8 9 10 8 6 7 10 7 4 6 4 4 5 6 9 11 8 8 11 11 9 15 20 15 6 4 5 4 7 9 8 9 10 12 10 4 1 3 7 7 1 4 8 2 5 10 9 6 4 6 5 2 2 5 0 
0 0 0 0 0 0 0 0 0 0 0 0 0 0 10 12 12 18 6 10 10 1 6 5 7 8 6 5 12 14 8 2 4 7 14 15 20 19 1 9 11 5 8 9 12 22 20 16 9 4 6 13 7 1 21 27 9 1 4 13 16 13 11 7 15 15 9 12 15 13 10 6 11 19 14 5 6 9 9 8 10 10 12 15 11 9 5 9 11 8 6 2 5 10 13 8 10 8 7 6 8 15 21 24 21 15 13 13 20 21 15 10 6 2 1 6 17 19 14 9 12 17 6 11 14 11 9 7 4 6 10 10 7 8 12 15 11 7 7 9 9 9 7 7 7 5 6 5 2 5 8 12 14 10 6 9 10 5 7 10 6 7 15 14 8 9 9 7 12 9 2 2 3 1 4 16 15 6 3 4 4 9 10 11 8 5 3 4 6 11 12 0 
0 0 0 0 0 0 0 0 0 0 0 0 0 0 5 10 2 11 9 8 12 10 5 12 7 5 10 5 3 9 14 9 6 7 5 16 21 22 23 10 5 6 9 11 6 7 16 17 10 5 2 2 7 5 7 15 7 9 15 9 15 11 9 1 6 8 3 9 13 11 10 8 11 15 10 15 16 9 8 4 2 6 8 12 10 4 6 6 5 8 8 5 4 9 7 9 8 7 13 10 8 15 18 14 14 12 12 15 16 13 8 4 4 3 4 9 9 10 8 9 12 14 7 7 14 14 9 5 4 7 14 13 7 6 10 13 11 7 8 11 11 9 5 4 7 5 2 3 5 10 13 12 15 13 11 14 12 7 6 11 12 9 6 9 13 11 6 7 9 9 6 8 9 7 6 9 8 8 7 8 10 6 7 12 6 0 3 9 9 10 8 0 
0 0 0 0 0 0 0 0 0 0 0 0 0 0 0 3 9 13 6 14 4 5 11 6 12 7 7 7 11 12 14 11 5 4 10 14 11 10 11 5 10 10 8 9 10 9 11 11 6 6 6 13 14 15 20 15 15 15 15 9 13 17 13 2 2 11 4 3 2 2 4 10 10 7 8 10 11 7 3 10 12 13 9 8 11 9 6 12 15 13 12 7 5 9 10 6 4 6 9 11 11 12 13 9 7 8 11 12 6 1 2 7 9 6 3 6 11 6 3 3 4 6 7 5 6 10 11 8 5 6 10 11 7 5 10 13 10 5 5 4 5 5 5 7 8 9 10 9 4 4 5 3 1 1 6 9 7 7 8 6 4 5 9 14 15 11 9 10 13 12 5 1 3 5 7 6 7 8 7 7 11 9 3 6 12 9 3 4 8 8 4 0 
0 0 0 0 0 0 0 0 0 0 0 0 0 0 0 11 14 14 14 9 13 18 13 13 12 10 10 6 13 17 11 7 3 6 8 12 6 8 8 7 8 11 9 8 13 10 6 7 12 11 10 9 6 3 15 15 9 7 14 13 12 12 11 9 8 7 11 7 8 3 1 10 7 6 1 8 9 2 1 9 9 8 6 9 10 6 1 4 11 6 1 3 6 6 2 7 8 5 2 1 1 4 6 9 9 6 5 4 3 3 3 9 10 7 10 12 14 11 5 2 6 11 11 3 2 4 9 15 16 11 3 1 7 11 12 14 10 10 6 5 8 7 4 2 4 10 12 12 14 16 13 9 6 7 3 6 8 13 8 6 4 9 16 15 12 12 13 13 12 10 7 7 12 12 8 5 4 4 5 6 7 7 6 7 8 4 4 4 6 8 5 0 
0 0 0 0 0 0 0 0 0 0 0 0 0 0 0 7 17 14 11 21 9 11 16 11 10 4 3 8 14 10 9 2 2 8 11 8 9 12 8 10 7 5 9 9 8 8 3 1 8 9 5 5 6 8 10 10 6 2 5 8 9 3 3 4 3 1 4 11 7 5 7 13 16 10 6 8 5 0 5 9 8 2 7 7 8 10 8 4 4 10 12 9 6 4 3 6 10 10 9 4 5 8 3 3 7 7 10 9 7 3 2 6 5 5 8 13 18 15 12 12 11 8 6 8 10 13 15 16 14 11 8 7 11 8 5 2 8 7 5 6 9 5 3 5 5 3 4 10 13 11 11 9 7 3 2 7 14 13 7 9 12 15 12 5 4 2 2 3 3 3 5 9 6 3 8 12 9 6 6 7 8 6 3 4 5 2 1 4 9 7 6 0 
0 0 0 0 0 0 0 0 0 0 0 0 0 0 0 16 10 2 13 8 8 8 5 4 5 6 10 8 8 4 0 3 8 4 0 5 10 6 9 10 4 3 4 11 11 9 3 6 7 8 6 4 6 10 3 4 4 7 12 16 12 5 6 11 11 8 3 7 12 12 6 5 7 7 8 14 11 5 6 7 6 8 14 10 3 6 8 6 3 8 9 8 13 13 9 10 9 8 12 13 10 9 7 4 3 4 7 13 17 14 8 8 14 13 6 14 19 12 7 9 8 2 0 5 13 14 12 9 7 5 5 6 15 13 7 6 4 8 11 11 10 9 8 7 6 7 9 10 9 6 4 7 8 3 2 6 16 13 8 10 6 8 4 2 3 3 6 6 3 3 6 7 4 3 5 6 6 4 5 6 5 3 3 4 5 1 0 7 5 3 7 0 
0 0 0 0 0 0 0 0 0 0 0 0 0 0 0 14 17 6 3 13 11 7 4 3 3 7 5 6 6 5 4 11 5 7 12 11 2 4 5 3 9 17 10 6 4 1 7 5 7 8 5 5 6 4 5 4 7 8 9 10 11 9 5 4 5 9 8 5 11 10 7 6 7 10 11 8 4 7 11 8 8 16 15 9 7 6 5 7 6 7 7 10 14 15 5 0 4 11 9 7 7 8 12 12 7 3 6 10 14 10 4 2 5 6 4 5 9 8 5 7 8 7 5 4 3 4 4 6 7 4 2 2 2 4 2 6 3 9 9 5 4 4 3 3 4 4 8 11 10 6 7 12 11 3 4 7 5 2 8 10 3 4 12 11 5 3 5 5 5 7 9 6 3 5 7 5 4 6 7 6 6 6 5 2 0 3 6 4 3 2 4 0 
0 0 0 0 0 0 0 0 0 0 0 0 0 0 0 5 1 7 8 3 6 12 9 4 5 7 6 9 9 8 3 8 6 6 18 14 8 7 7 4 5 14 23 14 9 10 8 1 4 10 10 7 6 2 3 8 10 10 4 6 8 2 3 12 9 9 10 9 13 14 5 9 6 3 6 5 3 3 2 4 8 10 8 5 6 6 5 4 7 9 10 11 8 9 8 5 6 9 7 9 11 8 6 7 2 1 4 6 6 6 8 11 8 6 8 2 2 3 2 7 10 8 3 2 4 5 3 2 6 8 2 2 10 13 7 3 5 5 5 4 1 2 5 4 3 5 8 7 3 1 2 5 6 4 4 7 3 2 2 2 8 8 6 6 6 4 4 7 8 4 2 2 2 5 8 9 7 6 5 2 1 6 7 1 3 5 2 1 2 4 5 0 
0 0 0 0 0 0 0 0 0 0 0 0 0 0 0 0 13 11 6 1 9 22 9 11 8 6 9 10 14 19 6 1 2 6 13 10 8 8 8 5 11 14 10 7 10 15 8 4 5 9 3 7 9 4 7 12 16 10 6 8 10 7 4 17 11 3 10 9 3 7 11 8 6 3 9 10 5 6 5 2 7 8 3 0 2 8 5 7 4 3 5 3 3 6 11 11 9 3 6 11 5 5 9 10 6 6 5 4 3 3 7 10 9 7 5 3 5 2 1 0 3 6 6 4 4 7 7 8 7 3 1 8 14 12 6 5 9 5 3 2 2 4 7 7 9 8 6 6 5 4 4 7 7 5 3 3 2 1 2 7 8 6 5 9 7 3 4 6 6 6 6 4 2 1 6 9 7 5 3 3 2 1 0 2 3 5 6 5 2 4 8 0 
0 0 0 0 0 0 0 0 0 0 0 0 0 0 0 0 15 12 5 9 2 14 14 15 16 8 9 3 7 6 2 1 9 10 16 11 14 9 3 3 5 13 7 8 11 8 7 5 7 7 7 6 8 7 12 12 13 9 3 8 7 8 8 2 3 5 7 13 6 2 6 7 5 5 5 6 5 2 4 3 3 5 6 1 2 8 6 2 2 1 6 11 7 1 7 9 8 6 2 7 8 10 8 9 7 5 6 9 9 9 11 11 7 7 7 9 7 4 8 11 9 6 6 6 3 1 2 1 2 2 4 8 9 5 2 4 5 1 3 6 4 1 4 7 6 4 3 3 3 3 2 3 6 5 3 5 7 8 7 8 3 3 6 8 6 2 2 2 2 2 1 1 5 6 4 4 3 4 2 3 5 5 7 9 5 5 6 3 2 7 8 0 
0 0 0 0 0 0 0 0 0 0 0 0 0 0 0 0 8 11 4 3 3 4 11 6 8 13 8 8 9 11 8 8 13 5 1 5 2 4 5 6 2 2 8 7 10 13 10 8 7 8 10 7 5 7 13 9 7 4 5 4 6 5 8 14 10 5 6 7 9 7 5 7 12 16 8 8 9 7 7 4 1 0 1 3 4 5 4 7 6 2 3 6 6 6 6 4 4 9 6 4 6 6 5 8 8 12 14 7 4 8 9 7 7 9 10 6 2 4 8 9 6 4 3 4 4 3 4 6 7 5 3 8 13 11 4 2 3 2 2 2 3 5 6 4 1 3 6 7 5 0 2 6 6 5 1 6 8 9 5 3 2 5 5 4 1 2 3 1 4 7 4 5 8 7 5 5 3 4 5 4 6 4 3 3 2 5 6 5 5 6 7 0 
0 0 0 0 0 0 0 0 0 0 0 0 0 0 0 0 8 8 7 2 4 2 4 3 2 8 8 7 8 8 7 5 7 8 10 9 6 4 2 9 7 3 11 13 8 8 6 5 7 9 7 7 5 4 4 5 7 7 6 6 5 5 5 8 8 7 7 8 13 11 8 8 7 5 2 4 11 6 4 10 8 1 2 8 9 9 4 3 4 5 3 0 1 5 5 3 3 7 7 8 8 4 3 2 4 5 8 7 2 5 7 3 3 7 7 4 1 4 7 5 4 4 6 5 2 1 4 7 6 6 4 2 5 7 5 5 5 6 6 8 11 9 6 7 5 3 2 4 5 3 4 6 5 3 2 2 4 7 6 5 7 9 7 5 5 8 8 7 8 6 2 6 10 6 3 3 3 8 6 6 8 7 3 5 7 3 5 3 2 4 4 0 
0 0 0 0 0 0 0 0 0 0 0 0 0 0 0 0 9 4 14 15 10 7 7 7 6 2 6 8 10 8 5 8 5 6 16 16 3 5 10 18 13 5 3 5 4 3 3 2 7 5 6 6 9 11 2 1 2 6 2 4 9 9 5 4 7 5 5 7 7 6 3 2 6 9 6 5 8 9 8 7 5 4 4 6 4 4 7 7 5 2 3 3 4 4 3 7 4 2 2 9 12 6 4 4 7 7 6 7 9 9 6 2 2 2 2 4 4 4 4 4 4 4 4 4 3 3 3 7 11 10 4 1 4 6 5 5 6 4 6 5 4 3 5 6 3 1 3 5 4 5 7 7 5 3 2 2 0 1 2 2 3 4 5 7 6 4 5 6 7 6 4 6 6 4 2 1 7 8 5 7 10 8 7 11 9 5 1 2 5 5 4 0 
0 0 0 0 0 0 0 0 0 0 0 0 0 0 0 0 0 6 6 6 9 7 6 9 8 8 1 5 8 3 5 10 9 2 9 10 7 8 9 4 3 6 6 3 9 12 6 4 3 2 3 3 7 10 4 7 6 9 3 2 8 7 5 8 7 6 9 10 9 3 1 5 4 1 3 5 7 7 4 1 1 1 5 2 1 4 8 9 5 2 4 6 4 4 4 4 1 2 2 4 4 4 5 8 7 5 6 5 6 5 3 1 3 9 12 11 7 3 4 8 10 8 5 5 3 2 1 1 2 4 8 7 5 7 5 4 6 3 2 3 4 6 6 4 3 2 2 4 6 5 5 5 4 1 2 5 3 4 4 5 5 2 3 4 2 3 4 3 2 2 4 3 2 3 5 7 6 4 3 3 6 4 2 2 3 1 0 1 3 4 6 0 
0 0 0 0 0 0 0 0 0 0 0 0 0 0 0 0 0 2 10 7 9 8 9 6 4 7 6 5 8 4 3 4 2 7 7 5 4 11 8 5 7 6 1 5 12 7 3 2 4 1 3 4 4 7 6 7 6 9 8 5 4 6 5 6 9 3 3 5 4 6 6 4 3 3 4 7 6 4 2 3 5 3 3 3 4 3 5 4 2 3 6 8 6 3 5 4 2 2 3 6 6 4 7 8 5 7 7 2 2 6 9 6 3 4 5 3 3 4 6 5 5 6 7 6 3 2 2 2 3 1 3 4 5 2 3 5 5 3 5 4 2 1 1 0 1 2 3 4 4 3 2 1 0 1 3 2 1 1 0 0 1 2 1 2 3 3 1 2 4 3 0 1 4 6 5 3 4 5 4 4 6 7 6 8 7 6 6 4 7 11 6 0 
0 0 0 0 0 0 0 0 0 0 0 0 0 0 0 0 0 9 5 8 7 10 5 7 9 5 10 7 4 9 10 6 6 6 7 6 7 4 8 5 2 7 6 2 4 7 3 2 1 2 4 5 3 2 4 4 3 10 10 10 7 4 4 4 5 5 4 4 5 3 4 4 3 3 4 7 5 3 4 6 8 7 0 1 4 8 8 7 9 10 6 4 7 6 1 2 5 7 6 7 6 3 2 1 2 5 7 6 4 5 5 5 4 2 2 4 1 2 4 5 3 2 3 5 3 1 2 2 1 2 5 3 1 1 3 4 2 4 7 7 8 6 2 2 4 6 7 5 4 4 3 3 5 6 7 7 5 3 2 2 3 2 2 4 4 2 3 6 5 2 0 1 2 4 5 3 2 0 2 4 3 1 3 5 6 9 10 7 6 8 8 0 
0 0 0 0 0 0 0 0 0 0 0 0 0 0 0 0 0 11 16 5 10 5 2 2 6 10 10 9 10 2 6 6 2 5 4 0 8 9 8 7 4 7 8 6 4 3 4 3 4 2 3 1 1 4 5 9 10 2 4 8 10 6 4 7 5 5 8 4 0 3 4 5 6 3 3 8 6 3 7 7 3 1 3 5 1 3 7 4 4 9 8 2 3 7 7 3 2 6 7 6 4 3 4 6 3 2 7 10 6 4 5 4 2 1 1 2 4 2 2 4 4 3 5 5 3 1 2 3 4 4 5 3 1 2 1 0 5 7 5 3 3 5 4 4 3 5 6 4 3 3 4 6 5 4 4 5 3 0 3 7 7 3 2 5 6 4 3 3 3 2 1 1 1 2 4 5 5 3 2 4 2 0 5 6 2 4 5 4 2 2 5 0 
0 0 0 0 0 0 0 0 0 0 0 0 0 0 0 0 0 4 9 12 4 5 8 11 8 11 5 10 11 6 5 5 1 0 10 10 0 10 8 3 5 5 2 4 4 4 7 6 4 6 7 7 7 2 1 3 8 7 4 3 3 3 7 7 6 7 4 2 0 2 4 4 4 3 2 3 6 5 5 3 3 5 5 5 2 4 5 7 6 6 6 4 3 5 5 2 1 4 9 6 2 3 6 6 2 0 2 6 5 4 5 2 0 2 2 2 2 3 3 3 2 3 5 5 4 3 2 1 2 2 3 3 2 1 3 4 3 4 2 5 6 4 4 5 4 3 3 2 4 5 4 3 3 4 3 3 5 5 5 5 5 4 3 3 2 1 2 3 3 2 0 2 3 4 6 6 5 3 5 5 2 2 3 3 3 4 4 2 2 4 4 0 
0 0 0 0 0 0 0 0 0 0 0 0 0 0 0 0 0 0 5 7 7 2 4 6 4 5 4 4 10 7 6 11 8 7 4 8 3 4 5 3 3 3 4 4 4 7 6 5 7 8 6 3 5 7 3 1 2 1 3 3 2 0 4 6 6 5 3 3 5 5 1 3 7 5 3 4 5 3 3 5 5 6 8 7 5 3 4 5 7 5 4 5 3 3 3 1 1 5 7 4 4 6 8 6 3 1 1 2 1 2 1 1 1 1 0 1 5 5 2 0 1 2 2 3 4 5 4 3 4 5 6 2 1 1 1 3 4 3 2 2 3 3 2 3 2 2 1 3 5 5 4 4 3 2 3 2 2 3 2 2 2 0 2 4 4 4 5 5 4 3 2 3 4 4 3 3 3 2 2 5 4 4 7 6 5 4 1 2 3 2 2 0 
0 0 0 0 0 0 0 0 0 0 0 0 0 0 0 0 0 0 3 8 5 6 7 5 8 5 4 2 3 1 2 7 8 3 0 2 8 2 3 6 5 5 4 7 4 2 3 6 7 1 0 0 3 5 3 3 5 1 4 5 1 0 3 5 2 1 2 1 4 5 3 4 5 5 4 6 3 5 2 5 5 5 7 4 3 5 2 1 5 6 2 6 10 6 4 7 5 4 5 3 3 4 2 2 3 4 4 6 4 2 1 2 4 5 2 0 1 3 4 3 4 2 0 0 3 6 4 4 5 7 7 5 3 1 0 2 3 3 4 4 2 1 2 3 0 1 1 1 1 3 4 2 1 2 4 4 3 4 4 2 2 3 3 2 5 5 2 3 3 2 2 4 4 4 5 4 4 4 3 2 4 4 2 4 4 4 5 3 3 3 2 0 
0 0 0 0 0 0 0 0 0 0 0 0 0 0 0 0 0 0 3 8 5 5 11 12 5 6 4 0 4 6 4 4 5 3 1 3 5 4 5 5 3 3 6 5 2 5 8 3 3 4 3 0 3 9 9 7 3 3 0 2 4 6 10 4 2 3 4 1 1 2 1 1 5 2 2 3 3 0 2 3 5 6 3 4 1 3 7 4 2 3 2 2 4 6 5 3 3 2 1 1 4 5 4 4 3 2 3 4 4 3 4 3 2 1 1 1 1 2 5 5 3 2 2 4 6 6 5 5 2 0 1 3 2 1 4 4 4 4 3 4 3 1 1 0 2 1 2 1 3 3 2 1 0 1 3 2 1 2 4 3 2 2 3 4 3 0 2 4 2 2 4 2 1 2 2 1 4 7 7 7 5 4 4 2 4 6 4 4 3 2 3 0 
0 0 0 0 0 0 0 0 0 0 0 0 0 0 0 0 0 0 5 5 3 0 3 9 7 7 6 2 2 3 8 8 3 5 5 3 3 2 5 4 2 3 3 1 1 3 5 3 2 3 6 3 2 4 6 4 5 4 4 2 0 4 4 3 5 6 4 3 4 4 3 1 2 5 2 1 3 2 2 1 2 7 6 6 6 5 2 0 1 0 1 1 0 2 1 4 8 6 3 6 7 6 6 5 5 4 3 3 2 2 3 3 3 2 1 2 1 3 4 4 3 3 5 5 5 4 3 3 3 3 1 1 2 5 4 3 4 3 2 1 1 1 1 4 2 4 4 4 3 3 3 4 2 1 1 2 2 1 2 3 4 3 3 4 3 2 2 1 3 5 4 3 5 4 5 6 5 5 4 3 4 7 6 3 1 2 6 7 2 2 7 0 
0 0 0 0 0 0 0 0 0 0 0 0 0 0 0 0 0 0 2 6 4 1 9 3 5 2 4 7 4 8 9 6 4 4 4 3 1 4 5 5 3 2 5 4 2 6 5 0 1 4 3 3 2 3 2 4 2 0 2 1 2 0 2 6 6 5 3 1 2 4 5 4 4 3 2 3 2 2 4 3 4 2 4 7 5 5 7 6 5 4 4 4 2 4 4 0 3 3 3 3 6 2 2 3 3 1 1 2 2 3 5 4 3 3 4 6 4 5 3 0 1 3 3 1 1 3 3 0 1 2 1 0 2 4 4 5 5 4 2 2 2 2 3 4 5 6 6 3 3 4 6 5 3 1 1 2 4 3 5 6 5 3 3 1 2 3 1 1 2 0 2 4 3 2 1 2 3 3 4 5 7 2 0 1 2 2 4 5 2 0 0 0 
0 0 0 0 0 0 0 0 0 0 0 0 0 0 0 0 0 0 0 5 11 4 5 10 9 4 5 4 5 1 4 6 5 9 9 8 5 0 4 3 3 4 7 4 4 3 1 2 1 2 3 3 0 1 5 8 3 3 5 2 2 3 3 3 4 5 3 1 4 3 1 2 3 4 5 4 3 6 7 4 3 4 6 6 5 4 2 3 5 5 3 4 7 5 4 2 2 0 3 4 2 1 2 3 1 2 4 4 3 4 3 4 3 3 3 4 3 2 2 1 1 3 2 1 2 2 1 1 2 3 4 4 2 1 2 0 3 3 5 2 1 2 5 6 5 4 4 6 5 4 6 5 2 3 6 6 3 1 1 5 6 3 1 0 0 0 1 1 1 3 3 1 3 3 0 2 3 2 3 3 3 1 1 3 3 4 6 5 2 2 0 0 
0 0 0 0 0 0 0 0 0 0 0 0 0 0 0 0 0 0 0 4 4 3 4 5 4 4 8 5 3 1 2 3 0 1 2 4 4 3 2 4 3 1 2 4 7 1 4 6 4 1 3 4 4 2 3 3 3 3 3 5 5 3 3 1 5 6 5 5 2 2 1 2 7 7 4 2 3 5 2 3 5 5 3 1 2 2 4 4 4 5 4 3 3 3 5 3 3 1 2 2 1 1 3 3 2 2 3 2 1 2 3 3 3 5 7 6 3 1 3 3 2 2 3 4 3 1 1 0 2 4 6 4 1 0 0 3 1 2 4 4 3 1 1 0 1 2 1 1 1 2 3 2 0 1 4 5 5 3 2 3 2 0 1 1 0 0 3 3 3 4 3 2 1 0 3 1 2 5 3 1 1 3 3 3 2 0 1 0 1 3 0 0 
0 0 0 0 0 0 0 0 0 0 0 0 0 0 0 0 0 0 0 4 6 8 7 1 1 4 4 3 4 2 1 6 2 0 6 5 2 2 2 2 3 2 0 3 2 4 4 3 3 7 9 6 5 3 0 0 0 0 3 2 4 6 2 1 2 3 3 6 3 2 4 4 4 4 3 3 3 3 5 3 2 3 3 2 3 5 4 3 5 5 4 3 1 1 2 2 2 2 4 2 1 2 4 1 0 1 3 1 3 2 3 2 1 3 2 1 1 4 5 5 5 2 1 2 2 1 1 2 5 5 4 0 1 2 3 5 3 1 0 1 1 2 0 0 1 5 4 2 3 3 3 4 3 2 4 3 3 4 5 3 2 3 2 0 1 3 3 2 1 2 3 3 6 7 4 2 3 2 2 3 2 3 3 2 3 4 3 1 3 3 0 0 
0 0 0 0 0 0 0 0 0 0 0 0 0 0 0 0 0 0 0 0 4 5 2 4 3 1 0 3 0 0 0 3 5 6 2 2 3 2 2 2 6 6 5 4 6 5 5 6 7 5 5 5 3 5 1 0 0 3 3 2 2 3 1 0 4 6 3 0 3 3 2 3 3 3 2 2 3 0 1 3 2 2 3 3 0 1 2 3 3 3 2 2 5 5 3 3 5 8 7 6 3 0 1 3 2 1 2 3 2 2 5 2 2 4 6 4 1 1 3 3 4 4 2 1 0 0 0 1 3 1 2 2 3 1 2 4 4 2 1 0 2 4 4 3 2 2 3 4 3 4 3 0 0 1 1 3 3 3 3 2 3 3 1 1 3 1 0 0 3 5 4 2 2 3 2 1 0 1 3 2 3 3 4 4 4 3 3 3 4 3 0 0 
0 0 0 0 0 0 0 0 0 0 0 0 0 0 0 0 0 0 0 5 6 10 5 7 6 3 1 6 3 2 0 0 3 2 1 0 0 2 1 4 4 4 4 4 4 5 5 1 1 2 0 4 4 4 2 3 2 1 7 6 3 2 3 3 2 3 3 2 3 2 2 3 2 2 3 2 1 2 1 0 0 0 2 2 3 2 1 1 5 5 3 1 2 4 4 2 2 4 3 2 2 2 3 5 4 4 4 3 2 3 4 2 3 2 3 1 3 3 4 3 3 4 4 4 3 1 0 1 1 3 4 1 1 2 2 1 1 0 1 1 0 1 5 4 1 1 2 3 1 1 0 2 4 4 3 3 3 3 3 1 2 0 3 3 0 1 2 0 0 2 2 1 2 2 3 1 0 0 3 5 3 3 3 3 1 0 2 2 2 1 0 0 
0 0 0 0 0 0 0 0 0 0 0 0 0 0 0 0 0 0 0 0 7 3 0 3 2 4 5 6 4 3 5 2 1 2 3 4 4 2 2 4 5 6 1 3 2 4 6 2 2 1 0 2 2 4 3 4 5 5 4 3 2 4 3 2 2 4 6 5 3 4 3 2 2 1 0 2 2 1 1 3 3 2 2 4 4 3 3 2 0 1 3 2 1 0 3 5 4 4 4 3 4 6 4 1 1 1 5 6 4 4 4 1 1 1 1 0 2 6 3 3 5 4 3 2 1 0 0 0 0 0 2 2 3 4 4 4 1 1 2 4 1 2 2 3 3 1 1 3 2 1 1 3 3 3 3 0 0 0 1 1 0 1 1 1 0 0 0 0 1 1 1 0 2 3 2 1 2 2 1 2 3 3 3 3 1 2 2 3 2 1 0 0 
0 0 0 0 0 0 0 0 0 0 0 0 0 0 0 0 0 0 0 0 5 5 5 1 4 3 4 4 4 3 7 10 5 6 5 2 3 3 2 4 3 4 3 2 2 5 3 4 2 2 3 3 4 4 1 0 1 5 2 1 1 1 4 1 1 3 3 3 2 0 0 0 1 3 3 2 2 4 2 2 3 4 2 1 3 3 3 3 3 2 2 4 4 2 0 3 3 1 3 4 4 2 1 2 3 4 3 3 1 2 4 3 2 4 3 3 3 3 3 3 6 4 3 3 2 1 2 1 0 1 2 3 3 1 2 1 2 3 2 3 4 4 3 2 4 2 1 2 4 4 3 3 4 4 4 3 0 0 3 3 1 1 1 1 2 2 2 2 3 4 2 1 1 3 2 1 0 1 1 2 3 3 2 2 1 1 2 4 6 5 0 0 
0 0 0 0 0 0 0 0 0 0 0 0 0 0 0 0 0 0 0 0 3 7 7 3 2 6 5 6 5 1 3 2 5 6 7 4 1 0 2 2 4 5 4 3 2 1 1 4 2 5 5 3 4 4 4 3 2 4 3 2 1 0 2 1 2 1 0 2 2 2 4 5 5 3 2 1 1 3 4 5 3 4 5 4 2 2 3 2 1 2 1 2 4 1 1 3 3 3 3 4 3 1 1 1 1 1 1 2 2 2 3 2 1 2 6 6 3 4 2 2 4 4 1 0 1 1 1 1 1 0 2 5 5 2 0 1 2 2 1 1 2 2 3 3 1 0 0 0 3 3 2 2 1 0 2 3 1 1 3 3 1 1 2 4 3 3 2 1 2 1 3 3 2 1 0 1 2 1 1 1 0 1 3 2 1 0 0 2 2 2 0 0 
0 0 0 0 0 0 0 0 0 0 0 0 0 0 0 0 0 0 0 0 3 2 1 2 1 4 3 0 3 1 2 3 1 4 4 4 2 3 3 1 3 2 0 4 2 3 3 2 2 1 3 3 1 2 3 2 3 2 4 4 3 1 2 2 2 1 2 5 5 3 2 4 2 2 2 0 1 4 4 2 3 2 3 1 3 5 3 1 2 0 1 1 2 2 6 4 2 1 1 5 6 2 0 2 4 3 3 3 1 0 1 2 3 1 3 5 2 2 3 4 2 1 0 3 4 3 1 1 1 3 4 4 3 2 0 0 0 0 0 1 2 1 1 1 2 2 0 1 1 0 0 0 0 2 2 3 2 2 3 3 3 4 4 2 2 1 1 2 2 3 3 3 3 2 0 1 4 3 3 3 4 3 4 4 2 1 3 3 3 0 0 0 
0 0 0 0 0 0 0 0 0 0 0 0 0 0 0 0 0 0 0 0 0 3 7 3 2 2 4 4 0 1 1 1 3 2 0 1 1 1 1 2 4 4 4 3 3 4 6 3 3 5 2 1 2 0 0 2 5 3 2 4 3 1 1 0 0 1 1 2 2 3 3 3 2 3 5 5 0 2 3 1 2 6 5 1 1 2 4 2 2 0 1 0 1 0 2 3 3 1 2 4 5 3 1 1 3 2 1 1 3 3 3 2 1 2 1 3 4 3 2 1 2 4 3 1 3 3 1 3 2 1 1 4 6 7 5 4 2 2 2 2 0 1 2 2 1 3 2 1 0 0 0 3 2 0 1 0 2 1 0 1 4 2 1 1 3 2 1 1 1 1 1 0 0 1 1 1 4 4 5 2 2 4 3 2 1 3 3 1 2 0 0 0 
0 0 0 0 0 0 0 0 0 0 0 0 0 0 0 0 0 0 0 0 0 1 4 6 2 2 2 3 1 2 2 4 4 0 0 1 2 3 2 2 4 4 2 2 1 3 2 0 3 2 3 2 3 0 0 2 4 3 3 5 3 5 5 3 1 1 2 2 5 2 1 3 1 1 2 2 0 2 4 3 1 0 3 2 0 1 1 2 1 2 1 1 2 2 2 3 6 3 1 2 4 3 1 1 2 2 4 4 2 1 0 0 1 3 3 1 2 3 2 3 4 3 2 1 3 3 1 1 3 3 1 3 4 3 3 3 2 0 1 3 2 1 0 3 4 3 1 1 0 2 3 2 2 1 1 2 3 1 2 2 1 1 3 2 1 0 2 2 1 1 2 1 0 0 3 3 3 4 3 2 2 2 1 0 2 1 0 1 2 0 0 0 
0 0 0 0 0 0 0 0 0 0 0 0 0 0 0 0 0 0 0 0 0 2 0 1 5 1 2 4 2 0 2 2 4 2 2 1 0 3 1 0 5 4 1 2 2 1 2 2 1 2 1 6 2 0 2 3 3 3 1 2 0 1 3 5 4 0 1 3 3 2 1 2 2 1 2 0 1 1 4 2 0 1 3 2 0 1 2 2 2 1 2 1 0 2 3 2 1 1 1 0 2 2 1 0 1 2 3 4 3 2 2 0 1 2 3 3 3 2 3 4 2 2 2 2 0 2 3 1 1 1 1 1 1 1 1 0 2 2 1 1 2 0 2 2 2 1 1 1 2 2 2 3 2 2 1 1 2 2 1 0 0 0 1 1 1 1 2 1 1 1 2 1 0 0 0 1 2 3 2 1 2 2 2 2 3 1 2 1 0 0 0 0 
0 0 0 0 0 0 0 0 0 0 0 0 0 0 0 0 0 0 0 0 0 4 1 1 3 3 5 4 4 2 0 3 2 2 2 1 2 0 2 1 1 0 2 5 3 1 4 4 3 1 2 2 2 3 4 4 2 5 3 1 2 2 0 1 2 3 0 2 3 2 3 1 2 0 0 0 2 3 2 0 0 2 3 2 0 0 3 5 3 2 2 1 2 1 1 3 0 0 1 4 3 1 1 2 3 2 1 1 2 2 2 2 1 3 5 3 2 1 1 1 0 1 2 2 0 0 1 1 0 1 2 1 1 1 1 1 2 2 3 3 2 1 0 1 1 1 3 3 3 2 2 3 2 1 0 2 3 2 1 2 3 3 2 3 3 3 2 1 0 1 0 2 2 1 1 2 3 2 1 2 2 2 2 3 5 6 2 0 1 0 0 0 
0 0 0 0 0 0 0 0 0 0 0 0 0 0 0 0 0 0 0 0 0 4 3 0 3 2 1 3 3 5 5 5 2 0 1 4 6 1 1 2 1 0 3 5 2 0 1 0 0 2 2 5 5 4 1 2 2 2 4 3 2 2 1 4 5 2 1 0 3 2 2 3 2 1 3 2 2 2 1 2 2 0 1 4 3 1 1 3 3 2 2 1 1 3 4 4 1 0 0 0 0 0 1 2 2 1 0 0 2 2 1 1 2 1 2 1 0 2 3 3 2 1 1 2 1 0 1 0 0 0 1 1 3 3 1 1 3 3 4 3 1 1 1 1 2 3 2 1 0 2 3 2 1 1 0 0 1 1 0 2 2 1 2 3 1 1 2 2 2 2 3 2 0 2 1 1 2 2 3 3 2 1 2 0 0 2 2 2 2 0 0 0 
0 0 0 0 0 0 0 0 0 0 0 0 0 0 0 0 0 0 0 0 0 0 1 0 0 3 2 0 0 2 2 4 4 3 2 3 6 2 3 5 2 0 0 1 0 2 1 1 2 1 2 0 1 3 2 2 4 4 3 0 0 1 2 6 2 1 2 2 1 0 3 4 4 1 1 1 3 5 3 2 3 2 2 2 3 2 1 1 2 1 1 2 1 1 3 4 1 0 0 0 0 0 1 2 1 2 1 0 1 2 3 2 0 0 1 2 0 0 1 2 2 1 2 2 1 1 0 1 1 2 0 1 2 0 1 1 1 1 2 1 3 3 1 1 1 1 1 0 0 1 1 1 1 0 2 3 2 2 3 2 0 0 2 2 1 0 0 2 0 2 1 2 1 0 1 2 2 1 0 0 1 3 2 0 0 3 3 2 3 0 0 0 
0 0 0 0 0 0 0 0 0 0 0 0 0 0 0 0 0 0 0 0 0 0 5 3 3 5 5 3 2 0 1 2 0 3 5 2 0 2 3 4 2 2 2 2 3 1 2 2 4 2 0 1 0 0 1 3 1 2 5 4 2 3 2 1 4 2 2 3 0 0 1 0 1 2 0 1 3 2 2 2 3 4 4 2 2 5 4 2 0 1 3 4 2 2 0 3 2 1 1 2 1 1 4 3 1 0 0 1 2 1 2 3 3 2 0 1 2 1 1 0 0 1 2 3 3 1 2 3 2 2 2 2 2 1 0 0 0 1 1 0 2 2 2 1 0 0 0 0 1 1 0 2 3 4 2 2 3 3 2 2 1 1 2 3 2 0 0 0 0 0 1 2 0 1 3 3 3 3 1 1 0 2 3 3 2 2 2 3 2 0 0 0 
0 0 0 0 0 0 0 0 0 0 0 0 0 0 0 0 0 0 0 0 0 0 3 0 3 0 1 2 3 1 3 2 0 3 4 3 2 3 2 2 1 0 0 0 1 1 2 2 0 0 3 3 1 1 2 2 0 2 0 1 4 3 1 1 3 3 2 2 3 0 2 1 0 2 4 2 2 2 0 2 3 3 1 3 1 2 5 4 1 1 3 2 2 4 4 1 2 3 2 0 1 3 3 3 2 3 2 0 0 2 2 2 2 2 2 1 1 1 0 0 2 3 2 2 2 2 1 1 1 3 3 3 4 3 1 1 1 0 0 0 2 3 3 1 1 1 2 2 1 0 0 0 1 1 0 1 2 1 0 1 2 1 1 1 0 1 1 1 2 3 2 1 2 1 1 1 1 2 3 1 0 2 2 1 1 0 1 2 0 0 0 0 
0 0 0 0 0 0 0 0 0 0 0 0 0 0 0 0 0 0 0 0 0 0 3 0 0 0 2 0 2 3 3 2 2 4 4 1 0 0 2 4 1 0 1 2 0 0 2 1 0 1 4 4 2 2 1 2 3 2 3 1 1 1 2 1 1 4 2 0 2 1 2 0 0 1 3 3 2 0 1 2 2 0 1 1 2 2 1 1 1 1 1 2 3 3 1 0 3 4 2 2 1 1 1 3 3 4 2 0 0 0 1 2 1 2 1 0 0 2 2 0 0 1 1 2 4 4 1 1 1 1 2 2 1 2 0 0 1 1 0 1 1 2 2 2 1 1 2 2 1 0 0 0 0 0 1 1 0 0 0 1 1 2 1 1 1 1 1 2 3 1 1 1 2 2 0 0 1 3 1 1 1 1 1 0 1 2 0 1 0 0 0 0 
0 0 0 0 0 0 0 0 0 0 0 0 0 0 0 0 0 0 0 0 0 0 0 2 0 3 2 1 0 1 1 4 2 2 2 2 1 1 0 0 2 2 2 2 0 1 4 2 0 1 0 1 2 1 4 4 2 1 0 1 1 0 1 2 2 2 2 3 1 0 0 2 2 0 0 1 2 2 1 1 2 0 1 3 3 1 1 3 3 2 2 2 2 2 1 0 0 0 0 0 0 0 0 0 1 1 0 2 1 0 2 2 2 1 1 1 0 0 1 1 0 1 1 2 3 3 2 1 1 0 0 2 1 3 3 0 0 2 3 1 1 0 2 1 0 0 0 0 1 2 2 1 0 2 2 1 0 2 3 1 1 2 2 3 3 0 0 1 1 1 0 1 2 2 1 2 2 1 3 2 0 2 2 2 1 0 0 2 0 0 0 0 
0 0 0 0 0 0 0 0 0 0 0 0 0 0 0 0 0 0 0 0 0 0 0 2 3 3 0 0 2 0 3 1 1 2 0 1 0 2 4 1 1 2 1 0 0 0 0 0 2 2 2 3 2 1 1 2 0 1 2 1 0 3 2 0 1 1 1 2 2 4 4 2 3 3 1 0 2 0 2 3 2 1 1 2 2 2 0 0 1 2 1 1 2 0 1 1 0 0 1 1 0 0 1 1 1 1 2 2 1 2 1 1 0 2 3 1 0 0 1 2 2 2 2 2 2 2 1 0 1 3 3 0 0 1 0 0 0 0 0 1 1 2 1 0 1 2 2 1 1 2 2 1 0 2 1 0 1 3 2 1 1 0 0 2 2 0 0 2 1 2 1 2 1 1 1 1 1 2 2 1 0 0 1 2 0 2 3 1 0 0 0 0 
0 0 0 0 0 0 0 0 0 0 0 0 0 0 0 0 0 0 0 0 0 0 0 0 0 2 0 0 3 2 1 0 0 2 0 0 0 1 0 2 3 3 1 0 1 1 0 2 1 1 2 1 1 2 2 2 4 1 1 2 0 1 4 3 2 1 0 0 1 2 3 3 2 2 2 2 2 2 2 2 1 0 0 0 0 1 3 3 1 0 3 3 2 1 0 3 3 0 1 1 1 0 1 2 2 0 0 1 3 2 0 0 1 1 1 0 1 1 0 1 2 2 1 0 1 2 1 2 3 2 1 1 0 2 0 2 0 0 0 1 3 3 1 2 1 0 0 1 2 1 1 2 0 0 0 0 0 1 0 0 1 1 1 0 2 1 0 1 1 0 1 1 0 0 0 0 0 0 0 1 0 0 3 1 1 2 2 0 0 0 0 0 
0 0 0 0 0 0 0 0 0 0 0 0 0 0 0 0 0 0 0 0 0 0 0 1 0 0 1 2 0 2 2 2 0 3 2 2 1 0 0 0 0 2 0 1 2 1 1 2 1 0 2 1 0 2 3 1 1 2 0 1 1 2 2 3 1 1 4 1 0 1 1 1 0 1 3 3 1 2 0 2 1 0 0 3 3 0 1 2 1 0 2 1 1 2 1 2 5 2 1 2 3 1 1 2 2 1 1 2 3 2 1 0 1 0 1 2 1 1 1 2 1 1 0 0 0 1 1 1 3 2 0 1 2 0 0 1 3 3 1 3 1 1 1 0 0 1 2 3 2 0 1 1 1 0 1 2 2 1 1 2 0 0 2 2 1 0 0 1 1 0 0 0 0 0 0 1 1 1 2 1 1 1 1 0 0 1 1 1 0 0 0 0 
0 0 0 0 0 0 0 0 0 0 0 0 0 0 0 0 0 0 0 0 0 0 0 0 0 0 1 0 1 0 1 1 2 0 1 1 2 2 1 2 0 1 2 3 1 0 0 0 0 0 3 2 0 1 0 2 1 0 1 3 4 1 2 3 1 0 1 0 1 0 0 1 0 2 0 0 2 1 2 0 0 0 1 1 2 2 2 2 0 0 2 2 2 1 1 2 0 1 3 2 3 2 0 0 1 2 2 1 1 2 1 0 2 2 0 2 2 2 1 0 0 0 0 1 2 3 2 0 0 0 1 0 0 2 1 0 0 1 0 0 1 2 1 1 2 3 2 1 0 1 1 2 0 1 1 2 2 1 0 1 2 1 1 1 1 2 1 0 0 1 1 1 1 1 0 0 2 1 0 1 2 1 2 1 0 1 1 2 0 0 0 0 
0 0 0 0 0 0 0 0 0 0 0 0 0 0 0 0 0 0 0 0 0 0 0 0 0 0 0 1 3 1 0 2 0 0 0 0 1 0 0 2 0 0 0 3 2 2 2 0 0 2 0 2 2 2 2 3 1 0 0 0 0 1 2 3 2 2 2 2 2 2 2 0 0 2 2 0 0 0 0 1 1 1 1 1 1 0 1 0 1 2 2 1 0 0 0 1 1 0 0 2 1 0 0 1 2 2 2 1 0 1 2 1 0 0 2 1 2 2 1 2 2 2 1 1 2 2 1 0 1 0 1 2 1 3 3 1 1 0 0 1 0 2 2 1 1 1 2 3 3 2 1 1 2 1 0 2 3 1 0 0 2 1 0 0 1 2 1 1 2 2 2 2 2 0 0 1 1 0 0 0 0 0 1 1 2 2 2 0 0 0 0 0 
0 0 0 0 0 0 0 0 0 0 0 0 0 0 0 0 0 0 0 0 0 0 0 0 4 0 0 0 0 0 2 0 0 0 0 2 1 0 1 1 0 2 1 0 2 0 0 0 0 1 0 0 0 0 0 2 2 0 2 0 1 2 1 0 0 2 2 0 0 1 2 1 1 2 1 0 0 0 1 3 3 0 0 1 2 0 0 0 0 1 2 1 0 0 2 4 2 2 2 1 2 1 0 1 3 3 2 1 0 0 1 0 2 2 1 2 1 0 2 1 0 1 2 2 2 1 1 3 1 1 2 2 1 1 1 2 1 1 2 3 3 2 2 1 1 0 1 1 3 2 2 0 1 2 2 0 1 1 0 0 0 0 1 1 1 1 2 2 0 0 1 2 0 0 0 0 2 3 1 0 0 0 0 1 2 1 0 0 0 0 0 0 
0 0 0 0 0 0 0 0 0 0 0 0 0 0 0 0 0 0 0 0 0 0 0 0 0 0 0 0 0 0 0 0 2 0 0 0 0 0 0 0 2 1 2 0 0 1 3 0 1 2 0 0 0 0 0 0 1 1 0 2 2 2 2 2 0 0 0 0 0 3 2 2 2 2 0 0 2 0 0 1 2 2 2 2 2 0 1 0 0 1 2 2 1 0 2 2 0 0 1 3 2 0 1 1 1 2 1 1 2 2 1 0 0 0 1 2 1 0 0 1 2 2 3 2 1 1 1 0 0 1 2 2 2 2 0 0 2 3 1 0 0 1 0 2 1 2 2 1 1 1 1 2 1 0 0 2 0 1 0 0 0 0 1 1 1 1 0 0 0 0 1 2 2 1 0 2 2 2 1 2 0 1 0 0 1 2 0 0 0 0 0 0 
0 0 0 0 0 0 0 0 0 0 0 0 0 0 0 0 0 0 0 0 0 0 0 0 0 0 0 0 0 0 0 0 0 2 2 0 0 0 0 0 0 0 0 0 0 0 1 2 0 0 0 0 0 0 1 2 2 0 0 1 2 0 1 2 1 0 2 0 1 3 1 0 1 1 0 1 1 0 0 2 4 3 1 1 3 2 0 0 0 0 0 0 2 0 2 2 2 2 1 1 3 2 0 0 2 1 1 1 1 1 2 1 1 2 2 2 0 0 0 0 0 0 0 0 1 1 0 1 1 1 0 1 1 0 2 2 2 1 0 0 0 0 0 0 2 2 1 0 0 0 1 1 0 0 0 2 2 1 0 1 1 0 0 0 1 2 0 0 2 0 1 1 1 1 0 1 2 1 1 1 0 1 1 0 0 1 2 0 0 0 0 0 
0 0 0 0 0 0 0 0 0 0 0 0 0 0 0 0 0 0 0 0 0 0 0 0 0 0 0 0 0 0 0 0 0 0 0 0 0 0 0 0 0 0 0 0 0 1 0 0 2 0 0 0 0 2 0 0 0 1 0 0 0 0 0 0 0 1 1 1 0 1 1 0 0 2 1 1 1 2 0 0 1 0 0 1 0 2 1 1 0 0 0 1 2 0 0 0 1 1 0 1 1 0 1 0 0 0 0 0 0 0 0 1 2 1 1 0 0 0 0 1 2 1 0 1 2 1 0 0 1 0 0 0 1 2 0 0 2 1 1 0 0 1 0 1 2 1 0 1 2 1 1 1 1 1 2 2 1 1 1 2 2 2 2 2 1 0 0 1 2 0 0 0 0 0 0 1 2 1 2 2 2 1 1 1 0 0 0 0 0 0 0 0 
0 0 0 0 0 0 0 0 0 0 0 0 0 0 0 0 0 0 0 0 0 0 0 0 0 0 0 0 0 0 0 0 0 0 0 0 0 0 0 0 0 0 0 0 0 1 1 0 2 0 0 0 2 2 0 0 0 1 1 0 0 0 0 0 2 0 0 0 0 2 0 0 1 0 0 0 0 0 1 2 0 0 1 1 0 0 0 0 0 1 0 0 3 2 2 3 1 2 2 2 1 1 1 2 0 0 0 2 1 0 0 1 1 2 0 0 0 1 1 1 0 1 1 1 2 3 1 0 1 1 0 0 0 0 1 0 0 1 2 3 1 0 1 2 1 1 1 1 0 0 1 0 0 0 2 2 1 0 0 0 1 2 2 0 0 0 0 0 0 0 0 0 0 1 2 0 0 0 1 1 0 1 2 2 1 0 0 0 0 0 0 0 
0 0 0 0 0 0 0 0 0 0 0 0 0 0 0 0 0 0 0 0 0 0 0 0 0 0 0 0 0 0 0 0 0 0 0 0 0 0 0 0 0 0 0 0 0 0 0 0 1 2 0 2 0 0 0 0 0 1 0 2 2 0 1 0 0 0 0 0 0 1 2 1 1 0 0 1 2 2 0 0 0 0 2 1 0 1 2 1 1 1 0 1 2 1 2 2 1 0 0 0 0 0 0 0 0 1 1 1 4 2 1 2 0 0 0 1 1 0 2 2 0 0 1 2 3 3 1 0 0 0 1 0 0 2 2 0 0 1 1 0 0 2 1 0 1 1 0 0 0 0 0 0 0 2 2 0 1 2 2 1 2 2 2 2 1 1 1 1 0 2 1 0 0 0 1 1 0 2 2 2 1 0 1 1 0 0 1 0 0 0 0 0 
0 0 0 0 0 0 0 0 0 0 0 0 0 0 0 0 0 0 0 0 0 0 0 0 0 0 0 0 0 0 0 0 0 0 0 0 0 0 0 0 0 0 0 0 0 0 0 0 0 0 0 0 0 0 0 0 0 0 0 0 0 0 1 0 0 0 0 0 1 0 0 0 0 0 0 0 0 0 1 2 1 2 2 2 1 1 0 0 0 0 0 0 0 2 1 0 0 0 0 0 1 1 0 0 0 0 0 0 1 1 0 0 1 1 0 1 2 0 0 0 0 0 2 1 0 0 0 0 1 0 0 0 1 1 1 0 0 2 1 1 0 1 1 0 0 1 3 1 0 0 0 0 0 0 0 0 0 0 0 1 1 1 1 0 0 0 2 1 0 0 1 1 1 0 2 2 1 0 0 0 1 0 0 0 0 0 1 0 0 0 0 0 
0 0 0 0 0 0 0 0 0 0 0 0 0 0 0 0 0 0 0 0 0 0 0 0 0 0 0 0 0 0 0 0 0 0 0 0 0 0 0 0 0 0 0 0 0 0 0 0 0 0 0 0 0 0 0 0 0 0 0 0 0 0 0 0 0 0 0 0 0 0 0 0 1 2 0 0 0 1 0 0 0 0 0 0 0 0 0 0 1 1 0 0 0 1 1 2 1 0 0 2 1 0 0 0 0 0 0 0 0 0 0 1 1 1 0 1 0 0 2 1 0 0 0 0 0 1 1 0 0 0 0 0 1 2 0 0 0 0 2 1 0 0 1 2 2 1 1 2 1 1 1 0 0 0 1 1 1 1 0 0 1 2 2 0 0 0 1 1 0 1 2 2 0 0 0 0 0 0 0 0 1 1 0 1 2 1 0 0 0 0 0 0 
0 0 0 0 0 0 0 0 0 0 0 0 0 0 0 0 0 0 0 0 0 0 0 0 0 0 0 0 0 0 0 0 0 0 0 0 0 0 0 0 0 0 0 0 0 0 0 0 0 0 0 0 0 0 0 0 0 0 0 0 0 0 0 0 0 0 0 0 0 1 0 0 0 0 1 0 0 0 0 0 0 1 1 0 0 0 0 0 0 0 0 0 0 0 1 0 0 0 0 0 1 0 1 2 2 0 0 0 0 0 1 1 1 0 0 1 2 0 0 0 0 0 0 1 1 1 1 0 1 0 0 1 2 1 0 0 0 0 1 0 1 2 1 1 1 1 1 2 0 0 0 0 0 0 0 0 0 0 0 0 0 1 2 0 0 0 0 0 0 0 0 2 2 0 0 1 1 1 0 0 0 0 0 0 0 0 0 0 0 0 0 0 
0 0 0 0 0 0 0 0 0 0 0 0 0 0 0 0 0 0 0 0 0 0 0 0 0 0 0 0 0 0 0 0 0 0 0 0 0 0 0 0 0 0 0 0 0 0 0 0 0 0 0 0 0 0 0 0 0 0 0 0 0 0 0 0 0 0 0 0 0 0 0 0 0 0 0 0 0 0 0 0 0 0 1 0 0 0 0 1 2 0 1 2 2 0 0 0 0 0 0 0 0 0 0 0 0 1 0 0 0 1 0 0 0 0 0 1 0 1 1 0 0 0 0 0 0 0 0 0 1 2 0 0 0 0 0 2 2 0 0 0 0 0 0 0 0 0 1 0 0 0 0 0 0 0 0 0 0 0 0 0 0 0 0 0 0 0 0 0 1 2 0 0 0 0 0 0 0 1 2 0 0 0 0 0 0 0 0 0 0 0 0 0 
0 0 0 0 0 0 0 0 0 0 0 0 0 0 0 0 0 0 0 0 0 0 0 0 0 0 0 0 0 0 0 0 0 0 0 0 0 0 0 0 0 0 0 0 0 0 0 0 0 0 0 0 0 0 0 0 0 0 0 0 0 0 0 0 0 0 0 0 0 0 0 0 0 0 0 0 0 0 0 0 0 0 0 0 0 0 0 0 1 0 0 0 0 0 1 2 2 0 0 0 0 0 0 0 0 0 0 0 0 0 0 0 1 0 0 0 0 1 0 0 0 0 0 0 0 0 0 1 2 1 0 0 0 0 0 0 1 1 0 0 0 1 2 1 1 0 0 0 1 0 0 0 0 0 0 0 0 0 0 0 0 0 0 2 1 0 0 0 0 0 0 0 0 0 0 0 0 0 0 0 0 0 0 0 0 0 0 0 0 0 0 0 
0 0 0 0 0 0 0 0 0 0 0 0 0 0 0 0 0 0 0 0 0 0 0 0 0 0 0 0 0 0 0 0 0 0 0 0 0 0 0 0 0 0 0 0 0 0 0 0 0 0 0 0 0 0 0 0 0 0 0 0 0 0 0 0 0 0 0 0 0 0 0 0 0 0 0 0 0 0 0 0 0 0 0 0 0 0 0 0 0 0 0 0 0 0 0 0 1 0 0 2 0 0 0 0 0 0 1 1 1 0 0 0 0 0 0 0 1 1 2 2 0 0 0 0 0 0 0 0 0 0 0 0 0 0 0 0 0 0 0 1 0 0 0 1 0 0 0 0 0 0 0 0 0 0 1 0 0 0 0 0 0 0 0 0 0 0 0 0 0 0 0 0 0 0 0 0 0 0 0 0 0 0 0 0 0 0 0 0 0 0 0 0 
0 0 0 0 0 0 0 0 0 0 0 0 0 0 0 0 0 0 0 0 0 0 0 0 0 0 0 0 0 0 0 0 0 0 0 0 0 0 0 0 0 0 0 0 0 0 0 0 0 0 0 0 0 0 0 0 0 0 0 0 0 0 0 0 0 0 0 0 0 0 0 0 0 0 0 0 0 0 0 0 0 0 0 0 0 0 0 0 0 0 0 0 0 0 0 0 0 0 0 0 0 0 0 0 0 0 0 0 0 1 1 0 0 0 0 0 0 0 0 0 0 0 0 0 0 0 0 0 0 0 0 0 0 0 0 0 0 0 0 0 0 0 0 0 0 0 0 0 0 0 2 1 0 0 0 0 0 0 0 0 0 0 0 0 0 0 0 0 0 0 0 0 0 0 0 0 0 0 0 0 0 0 0 0 0 0 0 0 0 0 0 0 
0 0 0 0 0 0 0 0 0 0 0 0 0 0 0 0 0 0 0 0 0 0 0 0 0 0 0 0 0 0 0 0 0 0 0 0 0 0 0 0 0 0 0 0 0 0 0 0 0 0 0 0 0 0 0 0 0 0 0 0 0 0 0 0 0 0 0 0 0 0 0 0 0 0 0 0 0 0 0 0 0 0 0 0 0 0 0 0 0 0 0 0 0 0 0 0 0 0 0 0 0 0 0 0 0 0 0 0 0 0 0 0 0 0 0 0 0 0 0 0 0 0 0 0 0 0 0 0 0 0 0 0 0 0 0 0 0 0 0 0 0 0 0 0 0 0 0 0 0 0 0 0 0 0 0 0 0 0 0 0 0 0 0 0 0 0 0 0 0 0 0 0 0 0 0 0 0 0 0 0 0 0 0 0 0 0 0 0 0 0 0 0 
0 0 0 0 0 0 0 0 0 0 0 0 0 0 0 0 0 0 0 0 0 0 0 0 0 0 0 0 0 0 0 0 0 0 0 0 0 0 0 0 0 0 0 0 0 0 0 0 0 0 0 0 0 0 0 0 0 0 0 0 0 0 0 0 0 0 0 0 0 0 0 0 0 0 0 0 0 0 0 0 0 0 0 0 0 0 0 0 0 0 0 0 0 0 0 0 0 0 0 0 0 0 0 0 0 0 0 0 0 0 0 0 0 0 0 0 0 0 0 0 0 0 0 0 0 0 0 0 0 0 0 0 0 0 0 0 0 0 0 0 0 0 0 0 0 0 0 0 0 0 0 0 0 0 0 0 0 0 0 0 0 0 0 0 0 0 0 0 0 0 0 0 0 0 0 0 0 0 0 0 0 0 0 0 0 0 0 0 0 0 0 0 
0 0 0 0 0 0 0 0 0 0 0 0 0 0 0 0 0 0 0 0 0 0 0 0 0 0 0 0 0 0 0 0 0 0 0 0 0 0 0 0 0 0 0 0 0 0 0 0 0 0 0 0 0 0 0 0 0 0 0 0 0 0 0 0 0 0 0 0 0 0 0 0 0 0 0 0 0 0 0 0 0 0 0 0 0 0 0 0 0 0 0 0 0 0 0 0 0 0 0 0 0 0 0 0 0 0 0 0 0 0 0 0 0 0 0 0 0 0 0 0 0 0 0 0 0 0 0 0 0 0 0 0 0 0 0 0 0 0 0 0 0 0 0 0 0 0 0 0 0 0 0 0 0 0 0 0 0 0 0 0 0 0 0 0 0 0 0 0 0 0 0 0 0 0 0 0 0 0 0 0 0 0 0 0 0 0 0 0 0 0 0 0 
0 0 0 0 0 0 0 0 0 0 0 0 0 0 0 0 0 0 0 0 0 0 0 0 0 0 0 0 0 0 0 0 0 0 0 0 0 0 0 0 0 0 0 0 0 0 0 0 0 0 0 0 0 0 0 0 0 0 0 0 0 0 0 0 0 0 0 0 0 0 0 0 0 0 0 0 0 0 0 0 0 0 0 0 0 0 0 0 0 0 0 0 0 0 0 0 0 0 0 0 0 0 0 0 0 0 0 0 0 0 0 0 0 0 0 0 0 0 0 0 0 0 0 0 0 0 0 0 0 0 0 0 0 0 0 0 0 0 0 0 0 0 0 0 0 0 0 0 0 0 0 0 0 0 0 0 0 0 0 0 0 0 0 0 0 0 0 0 0 0 0 0 0 0 0 0 0 0 0 0 0 0 0 0 0 0 0 0 0 0 0 0 
0 0 0 0 0 0 0 0 0 0 0 0 0 0 0 0 0 0 0 0 0 0 0 0 0 0 0 0 0 0 0 0 0 0 0 0 0 0 0 0 0 0 0 0 0 0 0 0 0 0 0 0 0 0 0 0 0 0 0 0 0 0 0 0 0 0 0 0 0 0 0 0 0 0 0 0 0 0 0 0 0 0 0 0 0 0 0 0 0 0 0 0 0 0 0 0 0 0 0 0 0 0 0 0 0 0 0 0 0 0 0 0 0 0 0 0 0 0 0 0 0 0 0 0 0 0 0 0 0 0 0 0 0 0 0 0 0 0 0 0 0 0 0 0 0 0 0 0 0 0 0 0 0 0 0 0 0 0 0 0 0 0 0 0 0 0 0 0 0 0 0 0 0 0 0 0 0 0 0 0 0 0 0 0 0 0 0 0 0 0 0 0 
0 0 0 0 0 0 0 0 0 0 0 0 0 0 0 0 0 0 0 0 0 0 0 0 0 0 0 0 0 0 0 0 0 0 0 0 0 0 0 0 0 0 0 0 0 0 0 0 0 0 0 0 0 0 0 0 0 0 0 0 0 0 0 0 0 0 0 0 0 0 0 0 0 0 0 0 0 0 0 0 0 0 0 0 0 0 0 0 0 0 0 0 0 0 0 0 0 0 0 0 0 0 0 0 0 0 0 0 0 0 0 0 0 0 0 0 0 0 0 0 0 0 0 0 0 0 0 0 0 0 0 0 0 0 0 0 0 0 0 0 0 0 0 0 0 0 0 0 0 0 0 0 0 0 0 0 0 0 0 0 0 0 0 0 0 0 0 0 0 0 0 0 0 0 0 0 0 0 0 0 0 0 0 0 0 0 0 0 0 0 0 0 
0 0 0 0 0 0 0 0 0 0 0 0 0 0 0 0 0 0 0 0 0 0 0 0 0 0 0 0 0 0 0 0 0 0 0 0 0 0 0 0 0 0 0 0 0 0 0 0 0 0 0 0 0 0 0 0 0 0 0 0 0 0 0 0 0 0 0 0 0 0 0 0 0 0 0 0 0 0 0 0 0 0 0 0 0 0 0 0 0 0 0 0 0 0 0 0 0 0 0 0 0 0 0 0 0 0 0 0 0 0 0 0 0 0 0 0 0 0 0 0 0 0 0 0 0 0 0 0 0 0 0 0 0 0 0 0 0 0 0 0 0 0 0 0 0 0 0 0 0 0 0 0 0 0 0 0 0 0 0 0 0 0 0 0 0 0 0 0 0 0 0 0 0 0 0 0 0 0 0 0 0 0 0 0 0 0 0 0 0 0 0 0 
0 0 0 0 0 0 0 0 0 0 0 0 0 0 0 0 0 0 0 0 0 0 0 0 0 0 0 0 0 0 0 0 0 0 0 0 0 0 0 0 0 0 0 0 0 0 0 0 0 0 0 0 0 0 0 0 0 0 0 0 0 0 0 0 0 0 0 0 0 0 0 0 0 0 0 0 0 0 0 0 0 0 0 0 0 0 0 0 0 0 0 0 0 0 0 0 0 0 0 0 0 0 0 0 0 0 0 0 0 0 0 0 0 0 0 0 0 0 0 0 0 0 0 0 0 0 0 0 0 0 0 0 0 0 0 0 0 0 0 0 0 0 0 0 0 0 0 0 0 0 0 0 0 0 0 0 0 0 0 0 0 0 0 0 0 0 0 0 0 0 0 0 0 0 0 0 0 0 0 0 0 0 0 0 0 0 0 0 0 0 0 0 
0 0 0 0 0 0 0 0 0 0 0 0 0 0 0 0 0 0 0 0 0 0 0 0 0 0 0 0 0 0 0 0 0 0 0 0 0 0 0 0 0 0 0 0 0 0 0 0 0 0 0 0 0 0 0 0 0 0 0 0 0 0 0 0 0 0 0 0 0 0 0 0 0 0 0 0 0 0 0 0 0 0 0 0 0 0 0 0 0 0 0 0 0 0 0 0 0 0 0 0 0 0 0 0 0 0 0 0 0 0 0 0 0 0 0 0 0 0 0 0 0 0 0 0 0 0 0 0 0 0 0 0 0 0 0 0 0 0 0 0 0 0 0 0 0 0 0 0 0 0 0 0 0 0 0 0 0 0 0 0 0 0 0 0 0 0 0 0 0 0 0 0 0 0 0 0 0 0 0 0 0 0 0 0 0 0 0 0 0 0 0 0 
0 0 0 0 0 0 0 0 0 0 0 0 0 0 0 0 0 0 0 0 0 0 0 0 0 0 0 0 0 0 0 0 0 0 0 0 0 0 0 0 0 0 0 0 0 0 0 0 0 0 0 0 0 0 0 0 0 0 0 0 0 0 0 0 0 0 0 0 0 0 0 0 0 0 0 0 0 0 0 0 0 0 0 0 0 0 0 0 0 0 0 0 0 0 0 0 0 0 0 0 0 0 0 0 0 0 0 0 0 0 0 0 0 0 0 0 0 0 0 0 0 0 0 0 0 0 0 0 0 0 0 0 0 0 0 0 0 0 0 0 0 0 0 0 0 0 0 0 0 0 0 0 0 0 0 0 0 0 0 0 0 0 0 0 0 0 0 0 0 0 0 0 0 0 0 0 0 0 0 0 0 0 0 0 0 0 0 0 0 0 0 0 
0 0 0 0 0 0 0 0 0 0 0 0 0 0 0 0 0 0 0 0 0 0 0 0 0 0 0 0 0 0 0 0 0 0 0 0 0 0 0 0 0 0 0 0 0 0 0 0 0 0 0 0 0 0 0 0 0 0 0 0 0 0 0 0 0 0 0 0 0 0 0 0 0 0 0 0 0 0 0 0 0 0 0 0 0 0 0 0 0 0 0 0 0 0 0 0 0 0 0 0 0 0 0 0 0 0 0 0 0 0 0 0 0 0 0 0 0 0 0 0 0 0 0 0 0 0 0 0 0 0 0 0 0 0 0 0 0 0 0 0 0 0 0 0 0 0 0 0 0 0 0 0 0 0 0 0 0 0 0 0 0 0 0 0 0 0 0 0 0 0 0 0 0 0 0 0 0 0 0 0 0 0 0 0 0 0 0 0 0 0 0 0 
0 0 0 0 0 0 0 0 0 0 0 0 0 0 0 0 0 0 0 0 0 0 0 0 0 0 0 0 0 0 0 0 0 0 0 0 0 0 0 0 0 0 0 0 0 0 0 0 0 0 0 0 0 0 0 0 0 0 0 0 0 0 0 0 0 0 0 0 0 0 0 0 0 0 0 0 0 0 0 0 0 0 0 0 0 0 0 0 0 0 0 0 0 0 0 0 0 0 0 0 0 0 0 0 0 0 0 0 0 0 0 0 0 0 0 0 0 0 0 0 0 0 0 0 0 0 0 0 0 0 0 0 0 0 0 0 0 0 0 0 0 0 0 0 0 0 0 0 0 0 0 0 0 0 0 0 0 0 0 0 0 0 0 0 0 0 0 0 0 0 0 0 0 0 0 0 0 0 0 0 0 0 0 0 0 0 0 0 0 0 0 0 
0 0 0 0 0 0 0 0 0 0 0 0 0 0 0 0 0 0 0 0 0 0 0 0 0 0 0 0 0 0 0 0 0 0 0 0 0 0 0 0 0 0 0 0 0 0 0 0 0 0 0 0 0 0 0 0 0 0 0 0 0 0 0 0 0 0 0 0 0 0 0 0 0 0 0 0 0 0 0 0 0 0 0 0 0 0 0 0 0 0 0 0 0 0 0 0 0 0 0 0 0 0 0 0 0 0 0 0 0 0 0 0 0 0 0 0 0 0 0 0 0 0 0 0 0 0 0 0 0 0 0 0 0 0 0 0 0 0 0 0 0 0 0 0 0 0 0 0 0 0 0 0 0 0 0 0 0 0 0 0 0 0 0 0 0 0 0 0 0 0 0 0 0 0 0 0 0 0 0 0 0 0 0 0 0 0 0 0 0 0 0 0 
0 0 0 0 0 0 0 0 0 0 0 0 0 0 0 0 0 0 0 0 0 0 0 0 0 0 0 0 0 0 0 0 0 0 0 0 0 0 0 0 0 0 0 0 0 0 0 0 0 0 0 0 0 0 0 0 0 0 0 0 0 0 0 0 0 0 0 0 0 0 0 0 0 0 0 0 0 0 0 0 0 0 0 0 0 0 0 0 0 0 0 0 0 0 0 0 0 0 0 0 0 0 0 0 0 0 0 0 0 0 0 0 0 0 0 0 0 0 0 0 0 0 0 0 0 0 0 0 0 0 0 0 0 0 0 0 0 0 0 0 0 0 0 0 0 0 0 0 0 0 0 0 0 0 0 0 0 0 0 0 0 0 0 0 0 0 0 0 0 0 0 0 0 0 0 0 0 0 0 0 0 0 0 0 0 0 0 0 0 0 0 0 
0 0 0 0 0 0 0 0 0 0 0 0 0 0 0 0 0 0 0 0 0 0 0 0 0 0 0 0 0 0 0 0 0 0 0 0 0 0 0 0 0 0 0 0 0 0 0 0 0 0 0 0 0 0 0 0 0 0 0 0 0 0 0 0 0 0 0 0 0 0 0 0 0 0 0 0 0 0 0 0 0 0 0 0 0 0 0 0 0 0 0 0 0 0 0 0 0 0 0 0 0 0 0 0 0 0 0 0 0 0 0 0 0 0 0 0 0 0 0 0 0 0 0 0 0 0 0 0 0 0 0 0 0 0 0 0 0 0 0 0 0 0 0 0 0 0 0 0 0 0 0 0 0 0 0 0 0 0 0 0 0 0 0 0 0 0 0 0 0 0 0 0 0 0 0 0 0 0 0 0 0 0 0 0 0 0 0 0 0 0 0 0 
0 0 0 0 0 0 0 0 0 0 0 0 0 0 0 0 0 0 0 0 0 0 0 0 0 0 0 0 0 0 0 0 0 0 0 0 0 0 0 0 0 0 0 0 0 0 0 0 0 0 0 0 0 0 0 0 0 0 0 0 0 0 0 0 0 0 0 0 0 0 0 0 0 0 0 0 0 0 0 0 0 0 0 0 0 0 0 0 0 0 0 0 0 0 0 0 0 0 0 0 0 0 0 0 0 0 0 0 0 0 0 0 0 0 0 0 0 0 0 0 0 0 0 0 0 0 0 0 0 0 0 0 0 0 0 0 0 0 0 0 0 0 0 0 0 0 0 0 0 0 0 0 0 0 0 0 0 0 0 0 0 0 0 0 0 0 0 0 0 0 0 0 0 0 0 0 0 0 0 0 0 0 0 0 0 0 0 0 0 0 0 0 
0 0 0 0 0 0 0 0 0 0 0 0 0 0 0 0 0 0 0 0 0 0 0 0 0 0 0 0 0 0 0 0 0 0 0 0 0 0 0 0 0 0 0 0 0 0 0 0 0 0 0 0 0 0 0 0 0 0 0 0 0 0 0 0 0 0 0 0 1 0 0 0 0 0 0 0 0 0 0 0 1 0 0 0 1 1 0 0 0 0 0 0 0 0 0 0 1 0 0 0 0 0 0 0 0 0 0 0 0 1 0 0 0 0 0 1 1 0 0 0 0 0 0 0 0 0 0 1 1 0 1 0 0 0 0 0 0 0 0 0 0 0 0 0 1 0 0 0 0 0 0 0 0 0 0 0 1 1 1 0 0 1 0 0 0 0 0 0 0 0 0 0 0 0 1 1 1 0 0 0 1 0 0 0 0 0 0 0 0 0 0 0 
0 0 0 0 0 0 0 0 0 0 0 0 0 0 0 0 0 0 0 0 0 0 0 0 0 0 0 0 0 0 0 0 0 0 0 0 0 0 0 0 0 0 0 0 0 0 0 0 0 0 0 0 0 0 0 0 0 0 0 0 0 0 0 0 0 1 0 0 0 0 0 0 0 0 0 1 1 0 1 1 0 0 0 0 0 0 1 0 0 0 0 0 0 0 0 0 1 1 1 0 0 0 0 0 0 1 1 0 0 0 0 0 1 1 1 0 0 0 0 0 0 0 0 0 0 0 1 1 1 1 1 1 0 0 0 0 0 0 0 0 0 0 1 0 0 0 0 0 0 1 1 0 0 0 0 0 0 0 0 1 1 0 0 0 1 1 1 0 0 1 0 0 1 1 0 0 0 0 0 0 0 1 2 1 0 1 1 0 0 0 1 0 
0 0 0 0 0 0 0 0 0 0 0 0 0 0 0 0 0 0 0 0 0 0 0 0 0 0 0 0 0 0 0 0 0 0 0 0 0 0 0 0 0 0 0 0 0 0 0 0 1 0 0 0 0 0 0 0 0 0 0 0 0 0 0 0 0 0 0 0 0 0 0 0 0 0 0 0 1 1 1 0 0 0 1 0 0 0 0 0 0 0 0 0 0 0 0 1 1 1 0 0 1 1 0 0 0 1 1 0 0 1 1 0 0 0 0 0 0 0 0 1 1 1 1 0 0 0 0 0 0 0 0 1 1 0 0 0 1 0 0 0 0 0 0 0 0 0 0 0 0 1 1 0 0 0 0 0 0 0 1 0 0 1 1 0 1 0 0 1 0 1 0 0 1 1 0 0 0 0 0 0 0 1 1 0 1 0 0 1 1 0 0 0 
0 0 0 0 0 0 0 0 0 0 0 0 0 0 0 0 0 0 0 0 0 0 0 0 0 0 0 0 0 0 0 0 0 0 0 0 0 0 0 0 1 0 0 0 1 1 0 0 1 0 0 0 0 0 1 2 0 0 0 0 0 0 0 0 1 1 0 0 0 0 0 0 0 0 0 0 0 0 0 0 0 0 0 0 0 0 1 1 0 0 1 1 1 1 1 1 1 0 0 0 0 0 0 1 0 0 0 0 0 0 0 0 0 0 0 0 1 1 1 0 1 1 1 0 0 0 0 0 0 0 0 0 0 0 0 0 0 0 0 0 0 0 0 0 0 0 0 0 1 1 0 0 0 0 0 0 0 0 1 1 0 0 0 0 0 0 0 0 0 0 0 0 1 1 1 0 1 1 1 0 0 0 0 0 0 0 0 0 1 1 1 0 
0 0 0 0 0 0 0 0 0 0 0 0 0 0 0 0 0 0 0 0 0 0 0 0 0 0 0 0 0 0 0 0 1 1 0 0 0 0 0 0 1 1 1 2 2 1 0 0 0 0 0 0 0 0 1 1 0 0 1 1 1 0 0 0 0 0 0 0 0 0 0 0 1 0 0 0 0 0 0 1 1 0 0 0 0 0 0 1 1 1 0 0 1 1 1 1 0 1 1 0 0 0 0 1 1 1 0 0 0 0 0 0 0 1 1 1 0 1 0 0 0 0 0 0 0 1 1 0 0 0 0 0 1 1 0 0 1 0 0 0 0 0 1 1 0 0 0 0 1 0 0 0 0 0 0 0 0 0 0 1 1 0 1 1 1 1 1 0 1 1 1 1 0 0 1 0 1 1 1 1 0 0 1 0 0 0 0 0 0 1 1 0 
0 0 0 0 0 0 0 0 0 0 0 0 0 0 0 0 0 0 0 0 0 0 0 0 0 0 0 0 0 0 0 0 0 1 1 0 0 2 0 0 0 1 2 0 0 0 1 1 0 0 1 0 0 0 1 0 0 0 0 0 0 0 0 0 0 0 0 0 0 0 0 0 0 1 1 1 0 0 1 1 1 0 0 0 0 0 0 0 0 0 0 0 1 0 0 2 2 1 1 1 1 1 1 1 1 1 0 0 1 1 0 0 1 1 1 0 0 0 1 1 1 1 1 0 0 1 1 0 0 0 0 0 0 0 0 0 0 0 0 0 0 0 1 1 1 0 0 0 1 0 0 1 0 0 0 0 0 0 0 0 0 0 0 1 1 1 0 1 1 1 0 0 0 1 0 0 1 1 1 1 0 0 0 1 0 0 0 0 1 1 0 0 
0 0 0 0 0 0 0 0 0 0 0 0 0 0 0 0 0 0 0 0 0 0 1 2 0 0 0 1 0 0 0 0 0 1 0 0 0 0 0 0 0 0 0 0 0 0 1 2 1 0 0 0 0 1 0 0 0 0 0 1 0 0 0 0 0 0 1 1 1 0 0 0 1 1 0 0 1 1 0 1 1 1 1 0 0 0 0 0 0 0 1 1 0 0 1 2 1 0 0 0 0 1 1 1 1 0 0 0 0 0 0 0 0 1 1 1 0 0 1 1 1 1 1 0 0 1 1 0 1 1 0 0 1 1 1 0 0 1 1 1 1 1 1 1 1 1 0 0 0 1 1 1 1 1 0 0 0 0 0 0 1 1 0 0 0 0 0 1 1 0 0 0 0 1 0 1 1 1 1 1 0 0 0 1 1 1 1 0 1 1 0 0 
0 0 0 0 0 0 0 0 0 0 0 0 0 0 0 0 0 1 0 1 1 0 0 0 0 0 1 1 0 0 0 0 0 0 0 0 0 0 0 0 0 0 0 1 0 0 0 1 0 0 0 0 0 0 1 0 1 1 1 0 1 0 0 0 0 1 1 1 0 0 0 0 1 1 0 0 1 1 1 1 1 0 0 0 0 0 0 0 0 0 1 1 0 0 2 2 1 1 0 0 0 0 1 1 0 0 0 0 1 1 0 0 0 1 0 0 0 0 0 0 0 1 1 1 1 1 1 0 1 1 1 0 1 1 1 0 0 1 1 1 1 1 1 0 0 0 0 0 1 1 1 0 0 1 1 1 0 0 0 1 1 1 0 0 0 0 0 0 0 0 0 0 0 0 1 1 0 0 0 0 0 0 0 1 1 1 0 0 1 1 1 0 
0 0 0 0 0 0 0 0 0 0 0 0 0 0 0 0 1 1 0 2 2 0 0 0 0 0 0 0 0 0 0 0 0 0 0 0 0 0 0 0 0 0 0 0 0 0 1 1 2 1 0 0 0 0 0 0 0 1 1 1 1 0 0 0 0 1 1 0 0 0 0 1 0 0 0 0 0 0 0 0 0 0 0 1 1 0 0 1 1 1 1 0 0 0 0 1 1 0 0 1 0 0 1 1 1 0 0 0 1 1 0 1 1 0 0 0 0 0 1 1 1 1 1 0 1 1 0 0 0 0 0 0 0 0 1 1 0 0 0 0 1 1 0 0 0 0 1 1 2 2 1 0 0 0 1 0 0 1 1 0 1 1 1 0 0 0 1 1 0 0 1 1 1 1 1 0 0 0 0 0 0 1 1 0 0 1 1 0 1 1 0 0 
0 0 0 0 0 0 0 0 0 0 0 0 0 0 0 1 1 0 0 0 1 0 0 0 0 0 0 0 0 0 0 0 0 1 1 0 0 0 0 0 0 0 1 0 0 0 0 0 1 1 0 0 0 0 0 0 1 1 1 1 1 0 0 0 0 0 0 1 1 1 1 1 0 0 0 0 0 0 0 1 1 0 0 0 1 1 0 0 1 0 0 0 0 0 0 0 1 1 1 0 1 1 2 2 2 1 1 1 1 1 0 1 1 1 1 1 1 1 1 0 0 0 0 0 2 2 1 1 1 0 0 0 0 1 1 1 0 0 1 1 1 1 0 0 0 0 1 1 1 1 0 0 0 0 0 0 0 0 0 0 0 0 0 0 1 1 2 2 1 1 0 1 1 1 1 1 1 0 0 0 0 0 0 0 0 0 1 1 1 0 0 0 
0 0 0 0 0 0 0 0 0 0 0 0 0 0 0 1 0 0 0 0 2 0 0 0 0 0 0 0 1 0 0 0 0 1 0 0 0 0 0 0 0 0 0 0 0 0 0 1 1 0 0 1 1 0 1 1 2 1 1 0 0 0 0 0 1 1 0 0 0 0 1 1 0 0 1 1 1 1 1 1 1 1 1 0 1 1 0 0 0 1 0 0 0 1 0 0 1 1 2 1 0 0 1 1 1 0 0 1 2 1 1 0 0 1 1 1 0 0 0 0 0 1 0 1 1 0 1 1 1 0 1 1 0 1 1 1 0 0 0 1 0 0 0 1 1 0 0 0 1 0 0 0 0 0 1 1 1 0 0 0 1 0 0 0 0 1 1 1 1 0 1 1 1 1 0 1 1 1 1 0 0 0 0 0 0 1 0 0 1 1 0 0 
0 0 0 0 0 0 0 0 0 0 0 0 0 0 0 0 0 0 0 1 0 1 0 0 0 1 0 0 0 0 1 1 0 0 0 0 0 1 1 0 0 1 2 0 0 0 0 0 0 0 1 1 0 0 2 1 0 1 1 1 1 1 1 0 0 0 0 1 1 1 1 0 1 0 1 1 1 1 0 0 0 1 0 0 0 0 0 1 0 0 0 1 0 0 0 1 1 1 1 1 0 0 0 0 0 1 0 0 0 0 0 0 0 1 1 2 2 2 0 0 0 0 0 1 1 0 0 0 0 1 1 1 1 0 0 0 0 0 0 1 0 0 0 0 0 0 1 1 1 0 1 2 1 1 1 1 0 1 1 1 0 1 1 1 0 0 0 0 0 0 1 1 1 1 0 0 0 0 0 0 1 1 0 0 0 0 0 0 0 0 1 0 
0 0 0 0 0 0 0 0 0 0 0 0 0 2 0 0 0 0 1 0 0 1 0 0 1 0 0 1 0 0 1 0 0 0 0 0 0 0 2 0 0 1 0 0 0 0 0 0 0 1 1 1 0 0 0 0 0 0 1 1 1 0 0 0 1 0 0 0 1 1 1 0 0 2 2 1 0 0 0 0 0 0 0 0 0 1 1 1 0 0 1 1 0 0 0 0 0 0 0 1 0 1 1 0 0 0 0 0 1 1 0 0 0 1 2 1 1 0 0 1 1 0 0 0 0 0 1 0 0 0 1 1 0 0 0 0 0 1 0 1 2 1 1 1 1 1 1 1 0 0 0 0 0 0 1 0 0 0 0 1 1 1 1 0 0 0 0 1 0 0 0 0 0 0 1 1 1 1 0 1 0 0 0 0 0 0 0 0 0 0 0 0 
0 0 0 0 0 0 0 0 0 0 0 0 0 0 0 1 0 0 0 0 1 0 0 0 0 0 0 0 0 0 1 0 0 0 0 0 0 0 0 0 0 0 1 1 0 0 0 0 0 1 1 0 0 1 1 0 1 1 1 1 0 0 0 1 0 0 0 1 0 0 0 0 1 1 0 1 0 0 0 0 1 1 1 1 1 1 1 1 0 0 2 2 1 0 0 1 0 1 0 0 1 1 1 0 0 1 0 0 0 0 1 0 0 0 0 0 0 1 2 1 1 0 0 0 1 1 0 0 0 1 1 2 1 1 0 0 0 0 1 1 1 1 1 1 1 1 1 1 0 1 1 1 1 1 1 1 1 1 1 1 1 1 0 1 1 1 0 0 0 2 1 0 1 1 1 1 0 0 1 2 1 0 0 0 1 0 0 0 0 1 0 0 
0 0 0 0 0 0 0 0 0 0 0 0 0 0 1 0 0 0 0 2 2 1 0 0 0 0 0 1 0 0 0 0 0 0 0 0 0 0 0 0 0 0 1 0 1 0 0 0 0 0 1 0 0 0 0 1 0 1 1 1 1 0 1 0 1 0 1 1 0 0 0 0 0 1 1 1 1 0 0 0 1 1 1 1 1 2 1 1 1 0 2 1 0 0 0 1 1 0 0 0 0 0 0 1 1 1 0 1 1 0 1 1 1 1 1 1 1 2 2 2 2 1 1 1 1 0 0 1 1 1 1 1 1 0 0 0 1 2 1 0 0 1 1 1 0 0 1 1 1 0 0 1 1 0 0 0 1 2 1 0 0 0 0 1 1 1 2 0 0 2 2 1 1 1 1 1 0 1 1 2 0 0 1 1 1 2 0 0 1 1 0 0 
0 0 0 0 0 0 0 0 0 0 0 0 0 1 1 0 2 0 1 0 1 2 1 0 1 1 0 1 0 0 0 0 0 1 1 1 1 1 0 0 1 1 1 0 0 0 0 0 0 0 0 0 0 0 0 0 1 0 0 2 1 0 1 1 1 2 2 2 1 0 1 1 0 0 1 0 0 0 1 1 1 1 0 0 0 2 2 2 1 1 1 1 1 1 0 0 1 1 0 0 0 2 1 2 1 1 1 1 1 0 1 2 1 0 1 2 1 1 2 2 2 1 0 0 0 0 1 1 1 1 0 0 0 0 0 0 1 0 0 0 0 1 1 1 0 0 0 0 1 1 1 1 0 0 1 2 2 0 0 0 1 0 0 1 1 1 2 1 1 1 1 1 1 1 0 0 0 1 0 0 0 0 0 0 1 1 1 1 1 1 1 0 
0 0 0 0 0 0 0 0 0 0 0 0 0 0 2 0 0 0 0 0 0 0 0 0 0 2 0 0 0 0 0 0 1 2 2 0 0 0 1 1 2 1 0 1 1 0 0 0 1 0 0 1 1 1 1 1 0 0 0 1 1 0 1 1 1 1 1 1 1 1 2 2 1 0 0 1 1 1 1 0 0 0 0 0 1 1 2 2 1 0 0 1 1 1 1 0 0 1 1 1 1 1 0 0 0 1 2 2 1 2 1 2 1 0 0 1 2 1 2 3 2 1 0 0 0 0 1 1 1 2 1 1 0 1 1 1 0 0 0 0 0 1 1 0 0 0 0 0 0 0 0 0 0 0 1 1 1 1 1 0 0 0 0 1 1 1 0 1 1 0 0 0 1 1 0 1 0 0 1 1 0 0 1 1 1 0 0 1 1 1 1 0 
0 0 0 0 0 0 0 0 0 0 0 0 0 0 0 0 0 0 1 1 2 2 2 0 0 0 0 2 2 0 0 0 0 0 0 0 0 0 0 2 0 0 1 1 0 0 0 1 1 1 0 2 2 1 1 1 1 1 0 1 1 1 1 1 0 1 1 1 1 1 1 1 1 0 0 1 0 0 1 0 0 0 0 0 0 0 0 0 0 1 1 1 1 1 1 0 0 1 2 2 0 1 1 0 0 0 1 0 0 1 2 1 1 1 1 1 1 0 0 1 2 1 0 0 0 0 1 2 1 2 1 0 1 1 1 1 1 1 0 0 1 1 1 0 0 0 1 1 1 0 1 0 0 0 0 1 1 0 0 0 1 0 0 0 0 0 0 1 0 1 1 1 0 0 0 2 1 0 1 0 0 1 1 1 1 0 0 1 0 0 0 0 
0 0 0 0 0 0 0 0 0 0 0 0 2 1 0 1 1 0 0 0 0 1 1 0 1 0 0 0 2 0 0 0 1 0 0 2 1 0 1 0 1 1 0 0 0 0 0 0 0 0 1 1 0 1 2 3 2 1 1 1 0 1 1 1 1 1 1 1 1 0 0 0 0 1 0 1 1 1 0 0 1 1 1 1 1 0 0 1 1 1 0 1 1 0 0 1 1 1 1 1 1 0 0 1 1 0 0 1 1 1 1 0 1 1 1 2 2 1 0 1 1 1 1 1 1 0 1 1 1 1 1 1 1 1 1 2 1 0 0 0 1 1 1 1 1 1 1 0 0 1 0 0 1 0 0 0 1 2 2 1 1 0 0 0 0 0 0 0 1 2 1 1 1 0 0 1 0 1 0 0 0 0 0 1 1 1 0 0 0 1 0 0 
0 0 0 0 0 0 0 0 0 0 0 0 2 3 2 1 0 1 0 1 2 1 0 1 2 1 0 0 0 0 0 0 0 0 0 2 1 0 0 2 3 1 0 0 0 0 0 0 0 1 1 0 1 0 2 1 0 0 1 0 0 0 0 1 2 2 0 0 1 0 0 1 1 1 0 1 1 1 0 1 1 1 1 1 2 2 2 1 1 1 1 1 1 0 0 0 1 1 1 1 2 1 1 1 1 1 1 1 0 0 0 1 0 0 0 0 1 2 1 0 1 1 0 1 1 1 0 1 1 1 0 1 1 1 1 1 1 1 1 1 2 1 1 0 0 1 1 1 0 1 1 0 0 1 1 0 0 1 1 1 1 1 1 0 0 1 1 1 1 2 1 1 2 2 2 1 1 1 1 1 0 0 1 1 1 1 1 1 1 1 0 0 
0 0 0 0 0 0 0 0 0 0 0 0 0 1 2 0 1 1 0 2 1 1 1 0 0 0 0 1 1 0 0 0 0 0 1 1 1 0 0 1 1 1 0 0 1 1 0 0 0 0 1 1 1 1 0 0 1 1 0 1 0 0 1 1 1 1 1 0 0 2 1 1 1 1 0 1 0 0 1 1 1 2 1 0 1 1 0 0 1 1 0 0 1 0 0 0 0 1 1 0 1 1 1 1 1 1 2 2 2 2 1 1 0 0 1 1 1 2 2 1 0 1 0 1 0 0 0 1 1 0 0 0 0 1 1 0 0 0 1 1 0 0 0 1 1 1 2 1 1 1 0 0 0 1 1 1 0 0 0 0 0 1 2 1 0 1 2 1 0 1 1 1 1 2 2 1 1 1 0 0 1 1 0 1 1 1 1 1 1 0 0 0 
0 0 0 0 0 0 0 0 0 0 0 0 1 2 1 0 0 1 0 1 0 0 1 0 0 0 0 1 0 0 0 0 0 2 1 0 0 3 1 1 1 0 0 0 0 0 0 0 1 1 0 0 1 0 0 0 0 0 1 1 2 2 1 1 1 1 0 0 1 2 1 1 1 0 0 0 1 1 1 2 2 1 0 0 1 1 1 0 0 1 1 1 0 0 0 0 0 1 1 0 0 1 0 0 0 0 0 2 1 1 1 0 0 0 0 1 1 1 1 1 0 0 1 1 1 1 1 1 1 1 0 0 0 0 1 0 0 0 0 1 1 1 2 2 1 1 1 1 0 0 0 0 1 1 2 1 1 0 0 0 0 1 1 2 2 1 0 1 1 1 1 1 1 1 1 0 0 1 1 0 0 0 0 0 1 0 1 1 1 1 1 0 
0 0 0 0 0 0 0 0 0 0 0 0 2 0 2 0 0 0 0 1 1 0 1 1 0 1 1 0 1 2 1 1 1 2 2 0 0 2 1 0 1 1 1 0 0 0 0 0 2 2 0 0 0 0 1 1 1 0 1 2 2 1 0 1 1 1 1 0 1 2 1 1 1 0 2 2 1 0 2 2 1 1 0 0 0 0 0 1 1 1 1 1 1 0 0 0 1 2 1 0 0 0 0 0 0 1 1 0 0 1 1 1 1 0 0 0 1 0 0 1 1 0 0 2 1 2 2 1 1 0 0 1 1 1 1 1 0 0 0 0 1 1 1 0 0 0 0 1 0 0 1 0 1 1 2 1 1 0 0 1 1 1 1 1 1 1 1 1 1 0 0 0 1 1 0 0 1 1 2 1 0 0 0 1 1 1 0 0 0 0 1 0 
0 0 0 0 0 0 0 0 0 0 0 0 1 2 0 0 1 1 1 2 2 2 2 1 2 2 1 1 0 0 0 1 1 1 3 1 1 1 1 1 1 1 1 0 0 1 0 0 1 1 0 0 0 0 1 2 2 0 1 2 1 1 1 1 2 2 0 1 2 3 2 1 1 1 1 1 1 2 2 1 0 1 2 1 0 0 0 1 1 1 1 0 0 0 1 0 1 1 1 0 0 0 1 1 1 1 1 1 1 0 0 0 0 1 1 2 1 1 1 0 1 1 1 1 1 1 0 0 0 0 0 0 1 2 1 1 1 1 0 0 1 1 1 1 1 1 1 0 0 0 1 2 1 1 1 1 1 1 1 0 1 1 1 1 1 1 1 2 2 1 1 0 0 0 0 0 1 1 1 1 0 1 2 1 1 1 1 1 1 1 0 0 
0 0 0 0 0 0 0 0 0 0 0 1 0 0 0 0 2 2 2 2 2 1 0 1 2 0 1 1 0 0 1 1 1 1 2 2 2 0 1 2 2 3 2 0 0 0 0 1 1 2 1 0 0 0 0 1 0 0 0 1 1 0 0 1 2 1 1 1 2 1 1 1 1 0 1 1 1 2 2 0 0 0 2 1 0 1 1 0 0 1 2 1 1 1 1 0 0 0 1 1 1 1 2 1 0 0 2 1 1 1 1 1 1 1 1 2 1 1 0 0 0 1 1 0 0 1 1 1 1 1 2 1 1 1 1 2 2 1 1 0 0 0 1 2 2 1 1 1 1 1 1 1 0 0 0 0 2 2 1 1 1 1 1 1 0 1 2 2 1 0 1 1 1 0 0 0 1 1 1 0 0 1 1 1 1 1 1 1 1 2 1 0 
0 0 0 0 0 0 0 0 0 0 0 4 2 0 0 2 2 2 2 2 1 1 0 0 2 1 0 0 1 1 1 1 0 1 0 0 0 1 1 1 0 1 0 0 0 0 1 1 1 2 1 1 1 0 1 1 1 1 1 0 1 1 1 1 2 1 0 0 0 1 0 1 0 1 1 1 1 1 1 1 1 2 1 0 0 1 1 0 1 0 0 0 1 1 1 1 0 0 1 0 0 1 1 1 0 0 0 0 2 2 1 0 1 2 2 1 1 1 0 0 1 0 0 1 1 0 0 0 0 0 0 0 0 0 1 1 1 0 0 0 0 1 1 1 1 1 2 1 1 2 2 1 0 0 1 1 2 2 1 1 1 0 1 0 0 1 1 2 2 1 1 1 1 1 1 1 0 0 0 0 0 0 1 1 0 0 0 0 0 0 0 0 
0 0 0 0 0 0 0 0 0 0 0 1 2 1 0 2 1 0 0 0 0 1 1 0 2 2 1 0 1 1 2 1 0 0 0 1 1 1 1 1 1 0 0 0 0 0 1 0 0 0 1 1 1 1 1 0 0 1 0 1 0 0 0 0 1 2 2 1 0 1 1 0 0 1 2 1 1 0 0 0 1 1 0 0 1 1 1 1 2 1 1 0 1 1 0 0 1 2 1 0 0 2 1 0 0 0 0 1 3 3 2 1 1 2 2 2 2 2 1 0 0 1 1 1 1 0 0 1 2 2 1 1 1 0 1 1 1 1 1 1 0 0 2 3 2 0 1 2 2 1 1 1 0 1 2 2 2 2 1 1 1 1 1 1 1 1 2 2 1 1 1 1 1 1 1 0 0 0 0 0 0 1 2 1 0 0 1 1 1 1 1 0 
0 0 0 0 0 0 0 0 0 0 0 1 1 0 0 1 0 0 2 1 2 1 2 2 2 0 0 0 1 1 0 0 0 0 1 1 0 0 0 0 1 0 0 0 0 0 0 1 0 2 2 1 0 1 1 1 1 1 0 1 0 1 1 1 1 3 2 1 0 1 1 1 0 1 1 1 0 0 0 0 0 1 0 0 0 2 2 1 1 0 0 1 0 1 1 1 1 1 1 0 0 0 0 1 0 1 1 1 1 1 2 2 1 1 2 2 2 1 1 1 1 2 1 1 1 1 2 2 2 2 2 1 0 1 1 2 2 1 1 0 0 1 1 1 1 0 0 0 1 1 0 0 1 1 1 1 1 2 0 0 0 0 2 2 1 0 0 0 1 2 1 0 0 0 1 1 1 0 1 2 1 1 1 1 1 0 0 0 1 1 1 0 
0 0 0 0 0 0 0 0 0 0 0 1 1 1 2 1 0 2 2 2 2 2 2 2 1 1 1 0 0 0 1 0 2 1 1 0 0 0 0 0 0 1 0 1 2 1 1 2 2 0 1 2 1 1 1 1 1 0 0 0 0 1 0 1 2 1 1 1 1 1 0 0 1 1 1 1 1 1 0 0 0 1 1 0 0 0 0 1 1 1 1 1 1 1 1 1 2 2 3 3 2 1 1 1 1 2 2 1 0 0 1 1 1 0 1 1 0 1 2 2 1 0 1 2 1 0 0 1 2 2 1 0 1 1 1 0 1 1 2 2 2 1 1 2 1 0 0 1 0 1 1 0 0 0 1 1 0 0 0 0 0 1 2 1 0 1 1 1 0 0 0 1 1 1 1 1 1 1 2 3 2 1 0 1 1 1 1 1 1 1 0 0 
0 0 0 0 0 0 0 0 0 0 0 2 1 2 1 2 2 1 1 1 2 2 2 2 0 1 0 0 0 1 1 1 2 2 1 0 1 1 1 0 0 1 2 1 0 0 1 1 1 2 2 1 1 0 0 1 0 0 0 0 0 0 1 1 1 0 0 1 2 1 0 0 0 1 1 1 1 2 1 1 1 1 2 2 2 2 2 1 1 1 0 0 1 1 1 2 2 1 1 2 2 1 0 1 2 1 1 1 1 1 1 0 0 0 1 1 1 1 0 1 1 0 0 1 2 1 0 0 0 1 1 1 0 0 1 0 0 0 0 1 2 2 1 0 0 1 1 1 1 1 1 0 1 1 1 1 1 1 0 1 1 1 1 0 0 1 2 1 0 0 1 1 0 0 1 1 1 1 2 1 1 0 0 0 1 1 1 1 1 2 1 0 
0 0 0 0 0 0 0 0 0 0 0 0 1 1 0 1 1 1 0 0 0 2 2 0 1 0 1 1 1 1 1 1 1 2 0 1 2 1 1 1 1 2 2 1 1 1 1 2 2 1 0 1 2 0 0 1 1 0 0 0 0 1 1 2 2 0 0 0 0 0 0 0 1 1 0 0 1 1 1 1 1 2 3 3 1 0 0 0 1 1 0 0 0 1 2 2 1 0 1 1 0 1 1 1 1 1 0 0 0 1 0 0 1 1 0 1 1 0 0 1 1 1 1 1 2 2 1 0 0 0 0 1 1 1 0 0 0 0 0 0 1 2 1 0 0 0 1 0 1 1 0 0 2 2 1 0 1 1 1 0 0 0 0 0 0 0 1 1 0 1 2 1 1 1 1 0 0 1 1 1 0 0 0 1 1 1 1 1 2 2 1 0 
0 0 0 0 0 0 0 0 0 0 0 2 0 1 2 1 1 1 1 1 1 1 1 0 0 1 1 1 2 3 2 1 1 1 0 0 0 0 1 1 2 2 2 2 1 0 1 1 0 0 0 1 1 0 0 0 1 1 0 1 1 1 1 1 2 1 0 1 1 0 0 1 1 1 1 1 1 1 1 0 1 1 1 2 2 1 1 2 2 1 0 0 1 2 1 2 2 2 1 1 1 1 1 1 1 0 0 1 2 1 0 0 1 1 1 2 1 1 0 0 0 1 1 1 0 0 1 0 0 1 2 2 1 1 0 0 0 1 2 1 1 1 1 1 0 1 2 1 0 0 1 1 1 1 1 1 1 1 1 1 0 0 0 0 0 0 1 2 1 1 1 1 1 1 1 0 0 1 1 1 0 0 0 1 1 1 1 0 1 1 0 0 
0 0 0 0 0 0 0 0 0 0 1 1 2 3 2 2 1 1 2 2 0 0 0 1 1 0 1 1 1 1 1 0 1 0 1 2 1 0 0 1 2 1 3 2 1 1 0 0 1 0 0 0 0 0 0 1 1 0 0 0 0 1 0 1 1 1 0 1 1 1 0 0 1 1 1 0 0 0 0 0 2 2 1 2 1 1 1 2 2 1 0 0 1 1 0 1 0 0 0 0 0 1 2 2 1 0 0 1 2 0 0 0 0 0 1 2 1 1 1 0 1 1 1 1 1 1 2 2 2 2 2 2 2 2 2 2 2 2 3 2 1 0 0 1 1 1 1 0 0 0 0 0 1 1 1 2 2 1 1 2 1 1 1 1 1 1 1 3 2 1 1 0 0 1 2 1 0 0 1 2 0 0 1 1 2 1 0 0 1 0 0 0 
0 0 0 0 0 0 0 0 0 0 3 1 3 4 1 0 1 2 2 1 1 1 1 1 1 1 0 0 2 2 1 1 1 2 2 1 1 0 0 0 2 2 2 0 2 1 0 1 0 0 0 0 1 1 0 0 0 0 0 0 0 0 2 2 1 1 2 2 2 1 1 1 1 1 1 0 1 1 1 0 1 1 1 2 1 0 1 1 1 1 1 0 0 0 1 2 1 0 2 2 1 1 0 0 1 2 1 1 0 0 1 1 0 1 1 1 0 1 2 2 1 0 1 0 1 1 1 2 2 0 1 1 1 1 0 0 0 0 1 1 0 0 1 1 0 1 1 0 0 1 1 0 1 2 3 2 2 0 1 1 1 1 1 1 1 0 0 1 2 1 1 0 0 0 1 1 0 0 0 2 1 0 0 0 1 1 0 0 1 1 0 0 
0 0 0 0 0 0 0 0 0 0 2 1 2 1 1 3 3 2 1 0 1 2 3 2 1 0 0 0 1 2 1 1 0 0 0 0 1 2 0 0 2 0 1 1 1 0 0 0 0 0 0 0 1 1 1 0 0 1 1 0 0 1 2 1 1 0 1 1 1 1 0 0 0 0 0 1 2 3 1 1 2 2 1 1 0 1 1 1 2 1 1 0 0 0 1 1 1 1 1 1 0 0 1 2 2 2 2 1 1 1 1 2 2 2 1 0 0 1 1 0 1 1 0 0 0 0 0 1 1 0 0 0 1 2 1 1 1 1 1 1 1 1 2 1 1 1 0 0 1 0 1 1 1 1 2 2 1 0 1 1 1 1 0 1 1 1 0 0 1 0 1 1 1 0 1 2 1 1 1 2 2 2 1 0 0 1 1 0 0 0 1 0 
0 0 0 0 0 0 0 0 0 0 1 3 2 3 4 1 2 1 0 1 3 2 2 2 1 1 1 0 1 1 2 2 0 0 0 0 1 3 1 1 1 1 0 0 1 2 2 0 1 1 1 1 1 1 2 2 1 2 1 0 0 2 2 2 1 1 1 0 2 2 1 2 1 0 0 1 2 1 1 1 2 2 1 1 1 1 0 1 2 1 0 1 1 0 0 1 2 1 0 0 0 0 1 1 1 1 1 1 1 1 1 1 1 1 1 0 0 0 0 1 1 1 0 1 0 1 0 1 1 0 0 0 0 1 1 0 1 1 1 2 1 1 1 2 1 1 1 2 3 2 2 1 0 1 1 1 1 0 0 1 1 1 1 1 1 1 1 1 1 1 2 1 1 1 1 1 1 0 1 1 2 2 2 0 0 1 1 1 1 0 0 0 
0 0 0 0 0 0 0 0 0 0 0 2 2 2 1 3 2 1 1 2 3 2 1 1 1 0 2 2 1 3 1 0 1 1 0 1 1 2 1 0 1 1 1 0 1 1 2 1 1 1 1 1 1 1 0 0 2 2 1 0 1 1 0 1 1 0 0 1 1 0 1 2 1 1 1 1 1 0 0 0 1 0 1 0 1 0 0 1 2 1 0 1 1 0 0 0 1 0 0 0 0 0 1 0 0 1 1 1 1 1 1 1 0 0 1 1 0 0 1 2 2 0 0 1 1 1 0 1 0 0 0 0 1 1 1 1 1 1 1 0 0 1 2 3 2 2 1 1 3 2 1 0 1 2 1 0 1 1 0 1 1 1 2 2 1 0 0 0 0 0 1 2 3 1 1 0 0 1 0 0 1 1 1 0 0 1 2 2 1 1 1 0 
0 0 0 0 0 0 0 0 0 0 1 2 2 2 1 1 0 1 2 1 1 1 0 0 0 1 2 1 2 2 0 0 1 1 0 0 2 0 0 1 2 1 2 2 0 1 1 0 0 2 1 1 1 1 1 1 0 1 1 1 1 1 1 2 1 1 2 1 1 1 2 1 1 2 2 2 1 0 0 1 1 1 1 1 1 1 1 1 1 1 0 1 1 1 1 1 1 0 0 0 0 0 0 2 1 1 0 1 1 1 1 0 0 1 2 1 1 0 0 1 1 1 1 0 1 2 1 1 0 0 1 0 0 0 0 1 0 1 0 0 0 0 1 1 2 2 1 0 1 1 0 0 2 2 2 0 0 1 1 2 2 2 1 1 1 1 2 2 0 1 2 2 1 0 0 0 0 1 1 0 0 0 0 0 1 1 2 2 2 1 1 0 
0 0 0 0 0 0 0 0 0 0 0 3 2 2 0 0 2 2 2 3 1 0 3 0 1 1 2 1 1 2 1 0 0 0 0 1 3 2 0 0 0 1 0 1 1 1 2 1 1 2 1 1 0 0 0 0 0 0 1 1 0 2 1 0 0 1 1 2 2 1 1 1 0 1 1 1 0 1 0 0 1 1 1 2 2 2 2 2 1 0 0 2 2 2 1 1 0 1 1 1 1 2 2 1 1 1 2 2 1 1 1 1 1 1 2 1 1 1 0 0 1 1 0 0 0 1 1 2 2 2 3 3 1 1 1 2 1 1 1 1 0 0 1 0 1 2 1 1 1 1 0 0 1 1 1 0 1 1 1 2 2 1 1 0 0 0 1 2 0 0 1 1 2 2 1 1 1 1 1 1 1 1 1 1 1 2 2 1 1 3 2 0 
0 0 0 0 0 0 0 0 0 0 1 2 1 2 0 1 0 3 3 2 0 3 3 2 2 2 3 2 1 2 0 0 1 0 0 0 3 2 1 2 3 1 0 0 0 0 1 1 1 0 0 0 1 1 1 0 0 1 2 1 1 2 1 0 1 2 1 1 0 1 2 1 0 0 1 1 1 1 1 2 1 1 2 2 0 1 1 1 0 1 1 2 2 1 1 1 1 1 2 2 1 1 2 2 2 2 2 2 1 1 2 2 1 1 1 1 1 1 1 0 0 1 1 1 1 1 2 2 2 2 2 2 2 2 2 3 2 1 1 2 1 0 1 2 2 2 1 2 2 2 1 1 1 1 0 1 2 3 2 1 1 1 2 2 1 2 2 2 2 2 1 1 2 1 1 1 0 1 1 1 0 0 0 1 1 1 1 1 2 3 2 0 
0 0 0 0 0 0 0 0 0 4 1 0 0 1 0 1 1 1 2 1 1 1 0 2 2 2 0 0 2 3 1 0 3 1 1 1 2 1 1 2 1 0 0 1 1 0 1 0 0 1 1 1 0 0 1 1 1 2 2 1 1 1 1 0 1 1 0 0 0 1 1 0 0 0 0 1 0 0 2 2 1 2 2 1 1 2 1 0 1 1 1 1 1 1 1 1 0 0 1 2 2 2 1 0 0 0 2 2 1 1 2 3 2 1 2 2 1 1 0 0 0 1 2 1 1 1 2 1 1 2 1 1 1 1 1 1 2 1 1 1 1 1 2 2 2 1 2 1 1 2 2 1 1 1 2 1 1 2 3 2 0 0 2 2 1 1 1 1 1 2 0 1 1 0 0 0 0 1 1 1 0 0 0 1 1 1 0 0 0 1 1 0 
0 0 0 0 0 0 0 0 0 1 4 0 0 0 0 1 1 3 2 1 1 1 2 1 0 0 1 1 3 1 0 1 2 2 2 2 1 0 1 1 1 0 0 1 0 1 0 1 2 0 0 1 1 1 1 0 0 1 1 0 0 2 2 0 1 2 1 0 0 0 0 0 1 0 0 1 1 0 2 3 2 1 0 0 1 1 2 1 1 1 1 2 1 1 2 2 1 0 0 0 1 2 1 1 1 0 1 2 1 0 1 2 2 1 2 1 0 0 0 1 1 2 2 1 1 1 1 0 1 2 2 1 0 1 1 2 2 2 1 1 1 1 1 2 2 1 1 1 1 2 3 2 1 1 2 1 0 2 2 1 0 0 0 2 2 2 2 3 3 3 1 1 1 2 1 0 0 1 1 1 1 1 1 1 3 2 1 0 0 1 2 0 
0 0 0 0 0 0 0 0 0 3 3 0 1 1 1 1 0 2 2 0 2 2 4 2 1 1 1 1 0 1 1 0 1 2 1 1 2 1 1 0 1 1 0 1 2 1 1 2 2 1 1 2 0 1 2 2 2 0 0 1 2 2 1 0 1 1 2 2 1 1 0 1 1 0 0 1 1 0 0 1 1 1 1 1 1 1 1 2 2 2 1 1 0 1 1 2 2 1 1 2 2 1 0 1 1 0 0 1 1 1 1 0 0 0 1 0 0 1 1 1 1 2 3 2 0 1 0 1 0 1 1 1 1 2 3 3 2 2 1 1 1 1 1 2 2 0 0 0 1 1 1 1 1 1 1 1 0 1 1 1 1 1 1 0 0 1 2 2 2 3 3 2 0 1 2 1 0 1 1 1 1 0 0 1 1 2 1 0 0 0 1 0 
0 0 0 0 0 0 0 0 0 3 2 3 3 4 2 2 3 2 3 4 2 3 2 3 2 0 2 3 3 3 2 1 1 1 0 0 3 3 2 1 2 2 1 2 2 2 2 2 1 1 1 1 0 1 2 2 2 1 1 2 2 1 2 1 1 1 1 1 2 2 1 0 0 0 0 1 1 1 1 0 0 0 2 2 2 2 2 2 2 1 1 1 1 1 1 2 2 2 2 2 1 1 1 1 2 2 1 1 1 0 1 1 1 1 1 0 0 2 2 1 1 2 3 2 0 0 0 1 1 1 0 1 1 2 2 2 2 2 2 1 1 1 1 2 1 1 1 1 1 1 0 0 1 2 2 2 1 1 1 2 2 2 2 2 4 4 3 1 1 2 3 2 1 1 1 1 0 0 0 1 1 1 1 0 0 0 0 0 2 2 2 0 
0 0 0 0 0 0 0 0 0 1 4 2 1 2 2 0 0 0 1 2 1 1 2 4 4 3 5 4 1 0 1 2 2 1 0 1 1 2 3 2 1 1 2 2 2 2 2 2 1 0 1 0 0 0 1 1 1 1 1 1 1 2 2 0 1 2 2 0 0 1 1 0 1 0 0 1 1 1 2 1 0 0 0 1 1 2 2 2 2 2 2 2 2 1 1 2 2 1 0 0 1 2 1 1 1 1 1 1 1 1 2 2 2 2 1 1 2 2 1 0 1 1 2 2 2 1 1 3 2 1 1 1 1 1 1 1 1 2 2 1 0 1 1 2 3 3 2 1 1 1 1 2 2 1 1 1 0 0 1 1 2 1 1 0 1 2 2 2 0 1 1 0 0 0 1 1 0 0 0 1 2 2 1 0 0 0 0 0 1 2 2 0 
0 0 0 0 0 0 0 0 0 2 2 1 1 3 2 1 2 0 0 1 1 1 1 2 3 0 2 4 1 2 3 3 2 1 2 1 2 2 3 1 1 2 2 2 3 3 2 1 2 2 0 0 0 1 3 3 1 0 0 1 2 1 2 3 1 2 0 1 1 1 1 1 1 0 0 1 2 1 1 1 0 0 1 1 0 0 0 1 2 1 0 1 1 0 0 2 2 1 0 1 3 3 3 1 1 2 3 2 1 1 2 3 2 1 1 2 2 1 1 1 2 2 2 2 2 2 1 2 1 1 1 1 1 1 1 1 0 1 0 0 1 1 1 1 2 2 2 2 2 2 2 3 2 2 2 2 1 1 1 2 1 0 0 2 2 2 2 2 1 1 1 1 1 0 1 2 1 0 0 0 1 1 1 1 1 2 2 0 0 1 1 0 
0 0 0 0 0 0 0 0 0 2 0 1 3 1 1 3 2 0 1 2 1 1 2 0 3 3 3 1 1 2 2 2 2 1 1 1 2 1 1 1 1 1 1 2 3 3 3 2 1 2 2 2 2 2 2 2 2 1 1 2 1 2 2 1 1 1 1 1 1 2 2 1 1 1 2 2 2 1 1 1 1 1 1 2 2 1 0 0 1 0 1 1 2 1 1 1 1 1 1 2 3 3 2 1 2 2 1 1 1 1 1 1 1 1 1 1 2 2 2 1 1 1 1 2 2 1 1 2 0 0 1 1 2 2 0 1 0 1 1 1 2 3 3 2 1 1 2 2 1 1 2 2 1 0 1 0 0 0 1 3 3 1 1 1 1 1 1 0 1 1 1 2 2 0 1 2 1 0 0 1 2 2 2 1 2 4 2 1 1 1 0 0 
0 0 0 0 0 0 0 0 0 3 2 1 2 2 1 0 1 2 2 1 1 3 4 2 1 1 1 0 1 1 1 1 2 1 0 1 2 2 1 1 1 2 1 1 2 2 3 1 0 2 1 1 1 2 1 1 2 2 1 0 0 1 1 1 3 3 2 0 1 2 2 2 1 3 3 2 0 0 2 4 3 2 1 2 3 3 2 1 1 1 2 2 1 0 1 1 1 2 2 1 2 2 1 0 1 2 2 2 2 0 0 2 2 1 0 0 1 1 2 1 0 0 1 2 1 0 1 1 0 1 1 2 3 3 2 0 0 1 1 1 1 2 2 3 2 1 1 1 0 0 1 1 1 1 0 0 1 2 2 2 2 1 0 1 1 1 2 1 1 2 2 1 1 1 1 2 1 0 0 1 1 1 2 2 2 1 1 1 1 0 0 0 
0 0 0 0 0 0 0 0 0 5 4 3 2 3 3 0 3 4 2 1 1 3 4 3 2 4 3 4 4 2 1 1 1 1 2 0 1 2 0 1 2 1 2 3 1 2 2 1 0 1 1 3 3 1 1 2 2 1 0 1 1 2 1 1 1 1 1 1 0 2 2 2 2 3 2 1 0 1 3 3 2 2 3 3 4 3 2 2 3 2 2 2 1 1 1 2 1 1 0 0 1 1 0 0 0 1 2 3 3 2 1 2 1 0 0 1 1 2 2 1 1 2 2 2 2 2 2 1 0 1 2 1 1 1 2 2 1 1 3 3 2 1 1 2 2 1 2 2 2 2 1 1 0 0 0 0 1 1 1 1 2 1 1 1 1 1 1 2 1 2 2 2 2 1 2 2 1 0 1 1 1 2 2 2 2 2 2 1 1 1 0 0 
0 0 0 0 0 0 0 0 2 5 2 3 2 4 3 0 3 3 1 1 2 4 2 0 1 1 6 6 2 1 3 3 2 2 2 2 3 4 4 1 0 2 3 2 1 2 1 1 2 1 1 3 3 1 3 2 2 1 1 1 3 3 2 1 2 2 2 2 2 2 2 2 1 1 1 0 1 3 3 2 2 2 2 3 3 3 1 0 1 3 2 1 2 2 1 2 2 1 1 1 1 0 0 0 0 0 2 3 3 1 0 1 1 1 1 1 1 1 1 2 2 1 1 2 2 3 3 3 2 1 0 0 1 3 2 2 1 1 2 1 0 1 1 1 1 0 1 0 0 1 1 1 2 2 1 1 1 1 1 1 2 3 2 2 2 2 1 1 1 1 1 2 3 2 2 2 1 1 1 1 0 0 0 0 2 3 2 2 2 1 1 0 
0 0 0 0 0 0 0 0 3 5 3 2 2 3 3 2 2 4 2 0 1 2 2 4 2 0 2 1 0 1 1 2 3 3 1 2 3 5 3 1 1 2 2 1 1 2 1 3 3 2 1 1 1 2 1 1 2 1 0 0 2 2 0 0 1 0 1 1 1 2 2 2 2 0 0 1 2 3 2 1 1 1 2 2 1 1 1 2 2 1 0 0 1 1 0 2 2 2 2 2 1 1 2 1 0 1 1 1 2 1 0 0 1 1 2 2 2 2 2 2 3 3 3 2 2 2 3 3 2 1 1 1 2 3 2 2 2 2 2 1 0 0 1 2 2 0 0 1 1 1 2 2 2 3 2 1 2 2 2 1 1 2 2 1 1 2 2 2 1 1 1 1 2 2 1 1 1 2 3 2 1 0 0 2 2 2 2 2 2 1 1 0 
0 0 0 0 0 0 0 0 2 2 3 6 4 5 5 2 1 2 2 1 2 1 2 4 2 2 1 0 0 0 0 0 1 2 1 1 0 1 1 1 1 1 3 2 0 1 1 1 1 0 1 1 2 2 1 0 1 1 2 1 1 0 0 1 0 1 2 1 0 1 1 2 1 1 2 3 2 2 1 2 2 1 3 3 1 1 3 3 1 0 0 1 3 2 1 1 0 1 2 2 2 2 2 1 0 0 1 0 2 2 1 0 1 3 4 2 1 2 2 2 2 2 2 3 2 2 2 2 1 2 3 2 0 0 2 2 1 0 0 0 0 1 0 1 1 0 0 1 1 1 1 2 2 1 1 2 2 1 1 2 1 2 2 1 1 1 2 2 1 0 1 2 2 2 1 1 3 3 2 1 0 1 1 1 2 2 1 1 1 0 0 0 
0 0 0 0 0 0 0 0 5 2 1 2 3 4 1 1 2 1 1 2 2 1 0 2 3 2 2 1 0 1 1 1 0 2 2 1 2 5 2 1 0 1 3 2 1 1 1 1 2 2 0 2 2 1 1 1 0 1 2 2 1 0 1 2 1 1 1 1 0 0 0 0 1 2 1 1 1 0 1 2 2 2 3 3 2 1 1 1 0 0 1 1 3 2 0 0 1 2 3 3 2 1 1 1 1 1 1 1 2 2 1 1 2 4 5 4 3 3 4 5 3 1 1 3 4 4 2 2 4 5 4 3 2 1 1 2 2 0 0 1 2 2 1 1 0 0 2 2 1 1 1 2 2 3 2 1 2 2 1 1 0 1 1 1 1 2 1 1 1 1 2 2 2 2 2 2 2 2 1 0 0 0 1 1 1 2 2 1 0 0 1 0 
0 0 0 0 0 0 0 0 4 2 2 6 5 1 1 0 2 0 1 3 4 1 2 3 2 3 3 2 2 3 3 1 3 2 2 2 2 2 1 2 2 1 1 2 2 1 1 1 2 2 2 3 4 4 1 1 0 0 1 2 2 2 2 3 1 1 1 1 1 0 1 0 1 2 1 1 1 1 1 1 2 2 1 2 1 0 1 2 2 1 0 1 1 3 2 1 3 3 3 2 0 0 1 2 3 3 1 2 1 2 2 3 3 3 3 4 5 3 3 2 3 2 1 2 4 2 0 0 3 3 2 1 1 2 2 1 1 1 2 2 3 3 2 1 1 0 0 1 2 2 1 1 2 4 3 1 0 1 1 2 1 1 1 2 1 2 2 2 1 2 2 1 1 1 1 1 1 0 0 0 0 0 0 0 1 0 1 1 0 1 1 0 
0 0 0 0 0 0 0 0 3 5 4 2 1 0 1 1 3 1 1 5 3 0 4 7 6 5 2 3 3 3 2 0 2 2 3 3 3 4 3 3 2 2 3 2 1 2 1 0 1 0 2 5 4 2 1 0 1 1 2 3 3 2 3 3 2 2 2 1 0 1 2 3 3 2 2 2 2 2 0 1 1 1 0 2 3 2 2 4 6 6 4 3 2 2 2 4 4 3 3 2 1 2 2 2 3 3 2 2 1 2 2 2 3 3 4 5 4 2 1 1 2 2 2 2 2 2 1 0 1 2 3 2 1 1 2 3 2 1 1 1 2 2 1 1 2 1 0 0 1 2 1 0 1 3 2 0 0 0 2 2 1 1 2 2 1 1 2 2 1 1 2 1 1 1 0 0 1 2 3 2 1 1 1 2 2 1 0 1 2 1 2 0 
0 0 0 0 0 0 0 0 4 5 1 0 2 3 3 1 3 1 2 5 5 3 5 4 3 3 3 3 3 3 2 0 0 2 4 2 1 1 2 2 1 3 4 0 1 2 2 1 1 1 3 5 3 1 3 2 2 1 3 4 2 1 2 3 3 3 4 2 1 0 2 5 4 2 2 4 3 1 1 2 2 2 2 2 4 5 5 5 5 4 4 4 6 6 4 2 3 3 3 1 2 3 1 1 1 2 2 2 2 1 1 1 2 2 3 3 2 2 2 2 1 1 2 2 2 2 2 2 2 2 2 2 2 2 2 3 3 3 2 2 2 1 1 1 2 1 0 0 1 2 1 0 1 2 2 1 0 1 2 1 0 0 1 1 0 1 2 2 1 1 2 2 2 2 1 0 0 1 2 1 1 1 1 1 2 2 1 2 2 2 2 0 
0 0 0 0 0 0 0 0 1 4 4 3 5 6 4 5 4 3 2 2 4 4 4 1 3 4 4 3 3 3 2 1 2 2 3 1 3 5 5 5 2 2 3 2 2 3 2 1 1 0 2 3 0 1 2 2 2 1 2 2 2 1 1 2 2 1 2 2 2 2 4 2 0 1 3 2 3 2 1 2 3 5 4 1 3 7 7 5 5 7 8 8 8 9 8 6 4 3 4 5 4 4 2 1 1 0 2 3 3 1 1 1 1 0 1 1 1 2 3 3 3 2 1 1 1 1 3 4 4 1 0 2 3 3 1 1 2 3 3 2 1 2 2 0 1 1 1 1 2 3 2 2 1 3 4 4 2 1 2 2 1 1 1 0 0 1 1 0 0 0 2 3 3 1 0 0 0 2 2 1 0 0 1 2 2 2 2 1 1 1 1 0 
0 0 0 0 0 0 0 0 1 4 4 5 7 4 6 6 2 3 3 1 1 1 4 1 0 4 3 1 2 2 1 1 0 1 4 3 2 2 2 2 1 2 4 3 3 2 0 1 3 2 2 2 3 3 2 1 2 2 1 1 1 1 2 1 1 1 1 1 0 0 0 0 1 2 2 1 3 3 2 2 2 4 7 8 7 6 9 12 13 12 11 10 9 9 8 7 6 6 9 8 5 6 7 6 3 1 1 0 2 1 2 1 1 2 2 3 2 2 3 4 4 4 1 1 1 1 3 3 3 1 1 2 2 2 0 1 1 2 1 0 1 2 1 0 0 1 2 3 3 3 2 2 2 3 3 4 3 2 1 1 1 1 0 2 3 2 3 3 1 0 1 2 2 2 1 0 1 2 1 1 1 1 1 2 2 2 2 1 0 1 1 0 
0 0 0 0 0 0 0 0 2 4 3 5 3 1 4 3 1 3 2 3 2 2 3 1 3 2 0 0 1 3 4 2 1 2 2 3 3 0 0 0 0 3 2 2 3 2 2 2 2 3 3 1 4 3 0 2 2 1 1 1 1 3 3 0 0 1 0 1 2 0 0 1 1 0 2 4 2 2 3 5 4 4 10 13 11 9 12 14 14 12 10 10 12 13 15 18 19 18 10 5 8 8 4 3 4 3 2 3 3 2 6 4 3 3 2 1 2 3 4 3 2 2 2 2 3 3 1 0 1 3 3 2 1 1 1 1 1 1 1 1 2 3 1 0 0 1 3 3 4 3 2 1 1 1 2 2 2 1 1 1 2 2 2 2 2 1 0 1 2 2 2 2 3 3 2 1 2 3 2 0 0 1 1 1 2 2 3 2 1 0 1 0 
0 0 0 0 0 0 0 0 3 4 2 2 3 1 0 2 2 1 2 3 2 3 3 4 4 4 3 2 1 2 2 1 1 0 1 1 1 0 0 1 2 3 2 4 4 3 3 2 1 4 6 2 2 0 1 3 2 1 2 2 3 4 3 1 1 2 1 1 2 0 1 1 0 6 7 5 4 4 4 8 9 9 9 15 27 37 41 44 48 48 45 44 44 39 29 19 13 9 12 14 11 7 4 4 6 6 3 3 7 6 5 6 4 1 0 0 1 2 2 1 2 3 3 3 3 2 1 1 1 3 3 3 1 1 2 2 1 0 1 2 3 4 2 1 0 2 2 1 2 2 2 2 1 1 2 2 1 1 2 2 2 1 1 1 1 1 1 2 2 2 1 1 1 1 2 2 2 2 1 1 1 1 1 1 1 2 3 1 1 1 1 0 
0 0 0 0 0 0 0 0 4 2 2 2 7 3 0 1 1 4 7 5 3 3 5 4 3 3 3 2 1 1 3 2 3 2 1 2 1 0 2 2 2 3 3 4 3 2 2 1 3 4 2 3 4 2 1 2 1 1 1 2 2 2 2 1 2 1 2 1 2 4 4 2 3 6 9 8 5 7 10 16 29 46 67 104 147 180 201 218 233 239 237 231 217 189 155 124 94 64 43 27 13 8 15 20 16 8 6 7 5 4 6 4 4 5 5 4 4 4 4 1 3 3 3 2 1 0 2 2 2 1 2 2 1 1 2 1 0 0 0 1 3 4 3 2 2 2 2 2 1 1 1 1 1 1 1 1 1 3 5 5 2 2 2 2 2 1 1 1 1 2 1 1 1 2 3 3 2 1 0 1 2 2 0 1 2 1 0 0 0 1 1 0 
0 0 0 0 0 0 0 5 6 5 4 5 6 3 5 5 3 6 7 6 4 4 4 2 2 3 3 4 2 3 4 5 3 1 3 3 1 2 2 1 1 3 2 3 3 2 1 0 2 3 3 2 3 2 1 1 2 1 1 0 0 0 1 3 4 2 2 2 2 3 5 5 6 6 5 13 26 38 60 101 157 219 287 360 429 481 511 532 546 550 545 532 508 475 439 397 340 270 198 137 90 59 39 20 7 6 12 11 6 5 5 2 3 4 4 3 4 5 2 5 5 1 2 4 4 3 3 2 2 1 1 2 2 2 1 0 1 1 1 0 0 1 2 2 2 2 1 2 3 3 1 2 3 3 1 1 1 3 4 4 3 1 2 2 2 3 3 2 1 2 3 4 3 3 3 3 3 2 0 1 2 2 1 3 3 1 0 1 2 2 1 0 
0 0 0 0 0 0 0 4 6 6 2 4 3 2 6 5 2 1 4 7 4 5 4 3 2 2 6 5 2 1 1 4 5 2 4 7 4 2 3 5 2 0 1 3 3 2 0 1 1 2 2 3 1 0 1 0 1 2 2 1 0 1 4 5 3 3 0 4 6 5 4 7 13 26 46 66 98 159 244 332 417 499 572 631 673 699 713 716 709 699 687 672 657 649 641 622 587 538 477 403 320 236 160 103 67 44 25 11 6 8 7 1 2 2 2 2 2 3 6 4 6 5 3 5 6 3 3 2 2 2 3 3 3 2 3 3 2 2 2 2 3 5 4 2 1 3 3 3 4 3 1 4 4 3 1 2 3 3 3 3 3 2 2 2 2 2 4 4 3 2 4 4 2 2 2 3 3 3 2 2 3 3 3 3 3 2 1 2 3 2 1 0 
0 0 0 0 0 0 0 2 4 6 0 2 1 2 5 5 4 6 7 4 3 3 4 3 1 2 2 2 3 1 1 4 2 0 1 4 4 4 5 5 2 1 2 2 3 2 0 1 1 2 3 2 0 1 2 1 1 1 2 2 4 7 6 4 2 6 5 6 11 18 23 29 42 65 99 147 226 337 453 546 615 665 689 675 640 617 607 592 575 566 559 549 546 558 576 589 598 611 620 608 568 504 429 352 270 190 124 80 50 24 5 8 7 6 5 3 2 2 3 4 3 3 2 5 4 2 6 3 2 1 2 3 3 2 2 5 6 4 3 3 3 3 2 3 4 4 2 3 3 2 1 2 4 3 2 1 2 2 2 2 1 1 1 1 2 3 4 4 3 2 4 4 2 2 2 3 4 3 2 1 1 3 3 1 0 1 2 0 0 1 3 0 
0 0 0 0 0 0 0 4 5 4 3 3 0 1 4 4 1 0 5 6 6 3 2 1 4 2 3 4 4 1 5 8 3 2 2 3 7 7 5 3 2 3 4 3 2 2 1 0 1 5 6 4 2 1 0 1 2 6 8 7 8 7 3 9 8 9 17 22 29 38 45 51 68 103 155 235 352 479 577 621 625 606 565 505 454 430 421 412 405 405 407 404 402 409 420 429 441 470 515 561 595 614 618 597 540 451 357 272 195 120 62 33 12 4 4 2 1 4 6 4 4 4 3 2 1 1 6 5 5 4 2 2 2 1 1 2 4 3 2 2 2 2 2 3 2 1 1 2 2 1 1 2 4 3 1 1 1 1 2 2 1 1 1 1 2 4 4 2 1 2 3 4 3 2 2 3 3 3 2 1 0 1 2 1 3 2 2 2 2 2 2 0 
0 0 0 0 0 0 0 5 3 4 9 7 0 0 3 0 2 4 3 6 7 3 7 2 3 4 7 7 3 3 7 6 1 3 2 2 1 0 2 3 2 3 4 2 2 3 3 1 3 7 7 7 4 1 1 1 6 11 9 2 3 5 12 18 18 22 37 43 45 53 64 77 100 144 217 327 456 552 576 547 509 475 435 405 393 386 373 366 371 376 372 364 357 357 363 367 365 367 382 409 445 493 551 604 634 626 583 514 427 326 224 141 86 54 31 13 3 1 3 1 3 4 4 1 0 3 3 4 3 3 3 3 2 2 2 2 4 3 1 1 1 1 2 2 2 1 1 2 2 0 1 2 3 2 2 3 2 1 1 3 3 4 3 3 3 3 4 2 0 2 3 3 2 2 1 1 1 1 0 1 3 2 0 0 2 2 1 2 2 3 3 0 
0 0 0 0 0 0 0 3 3 2 5 5 7 8 6 2 2 2 1 7 7 5 3 4 5 4 6 6 2 4 7 5 2 2 2 5 6 4 3 3 3 4 2 1 5 6 5 4 5 7 8 6 4 1 2 7 11 13 15 12 12 15 16 18 39 53 55 51 56 71 90 111 136 183 277 408 505 519 479 446 433 425 411 396 389 386 383 377 372 371 374 377 376 373 371 363 352 347 351 361 373 388 407 442 497 558 601 611 588 535 456 363 274 194 126 75 41 22 12 8 6 6 3 0 0 2 2 5 6 4 4 3 2 2 2 2 2 1 2 2 2 